"","X2.5..08_1_11","X50..08_1_11","X97.5..08_1_11","X2.5..08_1_12","X50..08_1_12","X97.5..08_1_12","X2.5..08_1_13","X50..08_1_13","X97.5..08_1_13","X2.5..08_1_15","X50..08_1_15","X97.5..08_1_15","X2.5..08_1_17","X50..08_1_17","X97.5..08_1_17","X2.5..08_2_21","X50..08_2_21","X97.5..08_2_21","X2.5..08_2_22","X50..08_2_22","X97.5..08_2_22","X2.5..08_2_23","X50..08_2_23","X97.5..08_2_23","X2.5..08_2_24","X50..08_2_24","X97.5..08_2_24","X2.5..08_2_25","X50..08_2_25","X97.5..08_2_25","X2.5..08_2_26","X50..08_2_26","X97.5..08_2_26","X2.5..08_2_27","X50..08_2_27","X97.5..08_2_27","X2.5..08_2_28","X50..08_2_28","X97.5..08_2_28","X2.5..08_2_29","X50..08_2_29","X97.5..08_2_29","X2.5..08_3_31","X50..08_3_31","X97.5..08_3_31","X2.5..08_3_32","X50..08_3_32","X97.5..08_3_32","X2.5..08_3_33","X50..08_3_33","X97.5..08_3_33","X2.5..08_3_35","X50..08_3_35","X97.5..08_3_35","X2.5..08_4_41","X50..08_4_41","X97.5..08_4_41","X2.5..08_4_42","X50..08_4_42","X97.5..08_4_42","X2.5..08_4_43","X50..08_4_43","X97.5..08_4_43","X2.5..08_5_50","X50..08_5_50","X97.5..08_5_50","X2.5..08_5_51","X50..08_5_51","X97.5..08_5_51","X2.5..08_5_52","X50..08_5_52","X97.5..08_5_52","X2.5..08_5_53","X50..08_5_53","X97.5..08_5_53","X2.5..08_1_AA","X50..08_1_AA","X97.5..08_1_AA","X2.5..08_2_AA","X50..08_2_AA","X97.5..08_2_AA","X2.5..08_3_AA","X50..08_3_AA","X97.5..08_3_AA","X2.5..08_4_AA","X50..08_4_AA","X97.5..08_4_AA","X2.5..08_5_AA","X50..08_5_AA","X97.5..08_5_AA","X2.5..08_A_AA","X50..08_A_AA","X97.5..08_A_AA"
"1",0.963356032282951,1.14492753623188,1.37152777777778,0.707547169811321,0.925925925925926,1.21951219512195,0.713157894736842,0.872785829307568,1.07545027454322,0.930259365994236,1.09833289340243,1.29539716804385,0.919354838709677,1.07547169811321,1.26106194690265,0.785003509687161,0.966319165998396,1.17793692719124,0.911559888579387,1.10370994940978,1.33028455284553,0.985058697972252,1.16210261252754,1.37096175269216,0.937008055381807,1.1238670694864,1.33812949640288,0.935843793584379,1.11926605504587,1.33665338645418,0.954803983906339,1.07474568774878,1.21136590229312,0.965391621129326,1.20454545454545,1.50568181818182,0.772058823529412,0.981308411214953,1.25748502994012,0.881875953434461,0.996771962185843,1.12578125,0.968510405257393,1.04655291448861,1.13268573868488,0.916666666666667,1.01029295328583,1.11246730601569,0.945791139370658,1.04544138929088,1.15252074026803,0.964426651415499,1.03842601145391,1.11712672606639,0.912542372881356,0.985178408051235,1.05776031434185,0.980263157894737,1.05938937682978,1.14875283446712,0.916025769133791,1.01715771230503,1.12692012288786,0.908541846419327,1.03948667324778,1.18581081081081,0.873287671232877,1.01458885941645,1.17692307692308,0.962831158560696,1.11238008222933,1.28023133543638,0.821428571428571,0.958333333333333,1.12423625254582,0.939067568239185,1.04206730769231,1.16258799865907,0.964539430481762,1.07835546953214,1.2095373558916,0.96813590811793,1.04017742350219,1.12017999307719,0.952792339954563,1.01546847377725,1.08210573427895,0.951485148514851,1.06564648480816,1.18965090368903,0.982761159509087,1.05008034279593,1.12543098826719
"2",0.943529411764706,1.12640449438202,1.34563758389262,0.720379146919431,0.938271604938272,1.24590163934426,0.69140625,0.8496,1.04733727810651,0.928314451082391,1.10121457489879,1.3024740622506,0.884493670886076,1.03710575139147,1.21521739130435,0.790322580645161,0.97609561752988,1.19163424124514,0.908763577567362,1.09958506224066,1.32765531062124,0.991803278688525,1.17035881435257,1.38260228529303,0.926910382409873,1.11231527093596,1.32511737089202,0.935127674258109,1.11890999174236,1.33629191321499,0.956857883963862,1.08026315789474,1.21870361207323,0.954419274714357,1.18820861678005,1.48441926345609,0.75,0.957142857142857,1.23312883435583,0.881403167064731,0.994948335246843,1.12516960175633,0.966437488691876,1.04581497797357,1.13528463178075,0.935943060498221,1.03299293008641,1.13953943897391,0.94635027082796,1.04708904109589,1.15741324921136,0.970988751043948,1.04455415371488,1.12594626834373,0.911390706319807,0.983876811594203,1.05826188620421,0.98608012259691,1.06599832915622,1.15632079746262,0.921223354958295,1.0235112407757,1.136,0.897610921501707,1.02834799608993,1.17279821627648,0.86568848758465,1.00854744449824,1.17278287461774,0.954843689695098,1.10520443307186,1.2719794344473,0.841949778434269,0.982758620689655,1.15384615384615,0.930444087747459,1.03327391562686,1.15586573612496,0.964679399183935,1.07901005823187,1.21153356791244,0.970934848531365,1.04442923345844,1.1252710915761,0.955601233299075,1.01944302317082,1.08630378716723,0.94942918172351,1.06132693147097,1.18552648591138,0.985057679816244,1.05220575825292,1.12802024170052
"3",0.955399061032864,1.13687150837989,1.36577181208054,0.712962962962963,0.933333333333333,1.232,0.694408322496749,0.853035143769968,1.04911591355599,0.908577878103837,1.07548430193721,1.27373417721519,0.841614906832298,0.990859232175503,1.16559139784946,0.779639175257732,0.96260938743039,1.17704280155642,0.895095367847411,1.08059210526316,1.30616302186879,0.996539610244816,1.17365456821026,1.38566678980421,0.909664179351313,1.09073170731707,1.3030303030303,0.948630136986301,1.13524590163934,1.3552190927892,0.960354118552733,1.08619939050936,1.22604422604423,0.932481751824818,1.16400911161731,1.45170454545455,0.772727272727273,0.990291262135922,1.275,0.863815866858206,0.976956422541638,1.10561003026355,0.970491097743853,1.05058252427184,1.14049325463744,0.92600422832981,1.02256809338521,1.12983662940671,0.953961382725763,1.05454034298566,1.16635572139303,0.975493508503818,1.04940282301846,1.13114802110356,0.924888221582176,0.99766481049039,1.07365165281268,0.995422582287091,1.07746188710342,1.17002237136465,0.937696833267476,1.04226069246436,1.15672046022288,0.931703204047218,1.0655737704918,1.21562156215622,0.833146696528555,0.972549019607843,1.1324200913242,0.952479712201503,1.10498687664042,1.27062374245473,0.83982683982684,0.983108108108108,1.1547619047619,0.913158591474715,1.01620506776665,1.134166392634,0.956888553735096,1.07332519825192,1.20662419885267,0.975438200768026,1.04843206149711,1.12992451452899,0.969968922115055,1.03478197989732,1.10263522884882,0.950340537946085,1.06396222365314,1.18930655940999,0.987617710032558,1.05564603895522,1.13223184561946
"4",0.905963302752294,1.08219178082192,1.29934210526316,0.73394495412844,0.963855421686747,1.29032258064516,0.686299615877081,0.842767295597484,1.03474903474903,0.8785151856018,1.04202801867912,1.23575949367089,0.838476816409071,0.989010989010989,1.16630669546436,0.748727735368957,0.928233438485804,1.13722556275054,0.89374754710958,1.08395677472984,1.30792377131394,0.959666577036838,1.13050364269876,1.33520389075945,0.906571654790182,1.09047619047619,1.30265370023401,0.948789280575875,1.13654946852003,1.357421875,0.983128834355828,1.11381407471764,1.25747915644924,0.932928836779621,1.17045454545455,1.46306818181818,0.716475095785441,0.921182266009852,1.19108280254777,0.856457417033187,0.967479674796748,1.09453944054781,0.961297907335034,1.04254706108337,1.13143631436314,0.91307371349096,1.0069018404908,1.11176968670618,0.943661971830986,1.04570791527313,1.15552817985833,0.968304885896328,1.04374309609044,1.12514484356895,0.930047957664958,1.00518319928508,1.08341360046234,1.00451637184795,1.08716904276986,1.17992926613616,0.935777668329462,1.04189098250336,1.15670526709003,0.918518518518519,1.05332727564274,1.20648648648649,0.822346368715084,0.958333333333333,1.11515151515152,0.94280442804428,1.09328198545143,1.26049902695642,0.827635327635328,0.971571906354515,1.14145383104126,0.89265395668877,0.994431418522861,1.1077375122429,0.946055488124586,1.0621770196821,1.19130462084758,0.966570293574483,1.04192924440007,1.12262656643091,0.973778366562241,1.03916786226686,1.10859416851611,0.940777065258393,1.05276487969607,1.17892448118777,0.981428765080656,1.04951872898063,1.1267254929424
"5",0.876380181394523,1.04644808743169,1.25986842105263,0.764705882352941,1.00595238095238,1.34126984126984,0.690355329949239,0.846034214618974,1.04419607264137,0.818795723128869,0.969676882078614,1.15113038012267,0.825153374233129,0.971119133574007,1.14712153518124,0.709497206703911,0.87720644666155,1.0783273424555,0.840846994535519,1.02412645590682,1.24092741935484,0.889272029643633,1.05060471037556,1.24192289671391,0.88785046728972,1.07142857142857,1.28233970753656,0.933923705722071,1.12009803921569,1.34148727984344,0.972665148063781,1.10146173688736,1.24610894941634,0.909747292418773,1.14806378132118,1.44412607449857,0.731517509727626,0.94,1.22077922077922,0.846700908731727,0.959051241888566,1.0867139959432,0.95390522239563,1.03472156341903,1.12211934156379,0.920907840440165,1.0167046317388,1.12238055322716,0.942183622828784,1.04744827586207,1.15797499237572,0.968602739726027,1.04319858365299,1.12370478672685,0.936082813013474,1.01190053285968,1.09285005301405,1.01689823507323,1.10126067507117,1.19453021614468,0.937010260047884,1.04192314090833,1.15768168298625,0.920195439739414,1.05214152700186,1.20726495726496,0.801552106430155,0.934108527131783,1.08885542168675,0.92929659173314,1.08280523869877,1.25454301446424,0.799415099895011,0.939443535188216,1.10597302504817,0.86046511627907,0.961179217746643,1.07125139550487,0.913710010462376,1.02824637112593,1.15751721919677,0.965324056493256,1.03900905897578,1.12194310430877,0.97904151648645,1.04569758323234,1.114081725657,0.925093393037812,1.03915035401916,1.16725828961735,0.972266428224453,1.03940274984496,1.11806628292683
"6",0.839597005691661,1.00265957446809,1.20447284345048,0.775784753363229,1.02366863905325,1.36220472440945,0.689054726368159,0.849693251533742,1.04924242424242,0.779253360784789,0.924603174603175,1.09994297378839,0.815829528158295,0.958855098389982,1.1380042462845,0.665252107662524,0.827509293680297,1.02300146872802,0.794624396967609,0.969722455845248,1.17773237997957,0.853560879293934,1.0127754710955,1.19483410377907,0.80180859080633,0.972577696526508,1.16926292629263,0.885157824042982,1.06204673650282,1.27837051406402,0.966405980655217,1.09819897084048,1.2426006792819,0.893115942028985,1.12814645308924,1.42485549132948,0.711462450592885,0.913705583756345,1.19205298013245,0.838793722510996,0.950884955752212,1.08234701586502,0.936008382843184,1.01591164357918,1.10496056467029,0.924760601915185,1.02037735849057,1.12949039264829,0.94478527607362,1.04904632152589,1.16525423728814,0.96309343160633,1.04003043249254,1.12176669902118,0.925919922191603,1.00070077084793,1.08059023836549,1.02672605790646,1.11263073209976,1.20944468736336,0.946949271006841,1.05480579328506,1.17188321490296,0.92289156626506,1.05703771849126,1.21587301587302,0.789393920996265,0.921492921492922,1.07350356353355,0.926308294766821,1.07989214029685,1.24558695749859,0.790257104194858,0.932907348242812,1.09774436090226,0.839876033057851,0.939341421143847,1.04937076476283,0.884427032321254,0.99591280653951,1.12149737601245,0.956050423927365,1.03209763539283,1.11493078444298,0.980892139421493,1.04823264328968,1.11848444509088,0.924566650062624,1.03695339765962,1.16598087628902,0.960844855198707,1.02870707980491,1.10508019696589
"7",0.83370288248337,1,1.20137421151798,0.712389380530973,0.941520467836257,1.2578125,0.70122811329588,0.869767441860465,1.07265774378585,0.757582037901809,0.900853578463559,1.0735524256651,0.823231796785644,0.973214285714286,1.15466101694915,0.643139318164828,0.801016702977487,0.990147913269166,0.769800667061569,0.94023569023569,1.14564102564103,0.827456258411844,0.979292768397579,1.15957336854017,0.795386904761905,0.968297101449275,1.16703056768559,0.858094603597602,1.0304,1.24564796905222,0.957213176826959,1.08824795523031,1.23499310676139,0.805755395683453,1.02283105022831,1.29479768786127,0.69921875,0.904040404040404,1.17782655106309,0.859785783836417,0.977202301903497,1.11349306431274,0.931598576029836,1.01486611265005,1.10484519501407,0.895652173913044,0.988921713441654,1.09576711624584,0.953044754218635,1.05983138428066,1.17663043478261,0.966546863753973,1.04253462120331,1.12614884697967,0.917898457583548,0.992701998262381,1.07105361829771,1.0376844298718,1.12454945935122,1.22140060896042,0.938091109478734,1.0451654981249,1.16102681231608,0.95324881141046,1.09463148316651,1.25836820083682,0.774595903432937,0.903061224489796,1.05988023952096,0.939204683037291,1.09414654113795,1.26444258545446,0.79219868751144,0.93217665615142,1.10261194029851,0.83598971722365,0.935558112773303,1.04634046548272,0.874718587050201,0.984604437544472,1.11151274890846,0.956195605963539,1.03332021910843,1.118156535067,0.976456739258387,1.04325041922862,1.11425373134328,0.933273219116321,1.04990870359099,1.18394637503161,0.95846841188173,1.02687094041231,1.10609444964713
"8",0.829976368993786,0.994708994708995,1.20127795527157,0.68695652173913,0.913294797687861,1.21538461538462,0.67741935483871,0.841294298921418,1.04597701149425,0.731000546746856,0.872715404699739,1.0453479280688,0.824404761904762,0.973637961335677,1.15657620041754,0.629502572898799,0.785306704707561,0.975220904867798,0.771966527196653,0.94534585824082,1.15075758641055,0.792686205969347,0.94185303514377,1.11794765226729,0.782192788815305,0.952508960573477,1.14794816414687,0.838350785340314,1.00786782061369,1.22116301239276,0.949133383571967,1.08158007728639,1.22879548024616,0.789285714285714,1.00454545454545,1.27745664739884,0.715953307392996,0.929292929292929,1.21854304635762,0.850697637043538,0.968302883557121,1.10472124560522,0.926441576640179,1.01068102976082,1.10269198904154,0.906914893617021,1.00110105224827,1.11437908496732,0.95354464069683,1.06283710895361,1.17994011976048,0.957653852323157,1.03364496768236,1.11678687625448,0.904549793191219,0.980513881703742,1.0602324278632,1.02067464635473,1.10874704491726,1.20565552699229,0.908165852472823,1.01403284962526,1.12888336587964,0.954707030018785,1.1007326007326,1.27061310782241,0.778609625668449,0.908863920099875,1.06901615271659,0.935084884000463,1.0867802108678,1.25762552792116,0.779116465863454,0.917981072555205,1.08582089552239,0.818807339449541,0.916952054794521,1.02717391304348,0.858821632166135,0.968425119288363,1.09379885203643,0.950804920288391,1.02767994987638,1.11247294839401,0.956668560699667,1.02151794307713,1.09306179176678,0.928303236188092,1.04593070104754,1.17812570909916,0.949350741926993,1.01609629785149,1.09495051305987
"9",0.840262582056893,1.00523560209424,1.21904761904762,0.689655172413793,0.919540229885057,1.23076923076923,0.685960591133005,0.852986217457887,1.06297709923664,0.712127930246596,0.85,1.01609195402299,0.815789473684211,0.967071057192374,1.15051546391753,0.622388547450139,0.778051450465244,0.966783216783217,0.773060851177282,0.948892674616695,1.15800415800416,0.780600184862324,0.927434754933164,1.10003775009438,0.756598240469208,0.921840291076216,1.11567567567568,0.809248554913295,0.975232198142415,1.18201648917898,0.942793462109955,1.07315010570825,1.22077922077922,0.782229965156794,0.997777777777778,1.27204501191089,0.727969348659004,0.945273631840796,1.24183006535948,0.84527656339099,0.963596966413868,1.10183349851338,0.919104942271284,1.00249799268445,1.09427228491623,0.890625,0.98488120950324,1.0944,0.946036689936472,1.05374635954461,1.17265763111373,0.95284133550639,1.02948710650652,1.11381584326343,0.891230057815156,0.967247628310071,1.04741542488001,0.997879289537612,1.08454475899005,1.18075801749271,0.88238224009327,0.988608374384236,1.1013595504362,0.971228615863142,1.12219227313567,1.29296066252588,0.795767195767196,0.93416149068323,1.09624992019748,0.924605894448252,1.07661612130886,1.25081131200742,0.771466314398943,0.909657320872274,1.08148148148148,0.814105793450882,0.910935738444194,1.02505550269585,0.849562517640418,0.957866598778004,1.08195737245366,0.944659621523347,1.02090694935218,1.10650201587499,0.93656593539844,1.00203734121997,1.07249780612814,0.932074805928017,1.04967216371945,1.18613149074538,0.940019163385722,1.00761531322486,1.08853001476635
"10",0.809110629067245,0.973890339425587,1.18412698412698,0.65531914893617,0.875,1.16666666666667,0.677777777777778,0.842024539877301,1.04770992366412,0.716941410327917,0.855054036872219,1.02048558421851,0.816618911174785,0.967741935483871,1.14688128772636,0.620623678754183,0.775467775467775,0.962166809974205,0.769390581717452,0.944727891156463,1.15608740894901,0.771989712153518,0.919047619047619,1.09867172675522,0.728323699421965,0.890459363957597,1.07807486631016,0.801910828025478,0.966973886328725,1.17553688141923,0.93345521023766,1.06597077244259,1.21340304182509,0.740103270223752,0.947136563876652,1.21135314713137,0.705223880597015,0.91747572815534,1.21153846153846,0.83174067828368,0.951146346689522,1.09066339066339,0.93706121973967,1.02286920573489,1.11850648192941,0.916129032258065,1.01428571428571,1.12969631211711,0.962064090480679,1.07081038552321,1.1907261592301,0.965268887991441,1.04283211843815,1.12853910597444,0.898709398654806,0.977337110481586,1.05943397588781,1.01869571915656,1.10897435897436,1.20781528027819,0.893432633716994,1.00365074536051,1.11869378656979,1.01477449455677,1.17356115107914,1.35233160621762,0.827044025157233,0.971674876847291,1.14347826086957,0.932569116655428,1.08683693516699,1.2618757121036,0.773316062176166,0.915644171779141,1.08152173913043,0.80843103018209,0.906066536203523,1.01950298836112,0.83852884407147,0.945547362450369,1.06973452728859,0.959346327947298,1.03773364914883,1.12717678611003,0.948460844938796,1.01743725231176,1.08846998400399,0.950531266329908,1.07105004906771,1.2107899437094,0.948311789398103,1.01715180612757,1.09888080905701
"11",0.774403470715835,0.932114882506527,1.13333333333333,0.641350210970464,0.853932584269663,1.14285714285714,0.639705882352941,0.794520547945205,0.984952206013482,0.716170877975646,0.853889943074004,1.02040816326531,0.818311874105865,0.971137521222411,1.14859437751004,0.604086140254003,0.753443526170799,0.938250428816467,0.765138350122005,0.942324003392706,1.15729166666667,0.76271637816245,0.908917803871787,1.08938759984785,0.721769926952412,0.881474978050922,1.06695005313496,0.792368382886149,0.95852534562212,1.16635514018692,0.939316860465116,1.07283673430721,1.22339356316059,0.732081911262799,0.934640522875817,1.1949860724234,0.74169741697417,0.971014492753623,1.27215189873418,0.838286068149741,0.958147439983004,1.09573066077672,0.950097748059163,1.03711116141489,1.13363404446257,0.941666666666667,1.04258339247693,1.16126482213439,0.98126024830171,1.09316283924843,1.21737866899157,0.965259623418971,1.04630774418343,1.13248691919912,0.903517902990704,0.983625537545485,1.06787574070749,1.0189110890139,1.11102775693923,1.20947325438955,0.894197198759171,1.00430286674822,1.11967682208382,1.02727981293843,1.18738738738739,1.37148803329865,0.833677685950413,0.975816203143894,1.14793741109531,0.941215764863059,1.0990639625585,1.27628257298911,0.760925449871465,0.901065449010654,1.06859205776173,0.796369097418963,0.89293659621802,1.00596026212114,0.83486733600298,0.94323417953063,1.07052205139628,0.966873335721606,1.04774862160288,1.13817265039429,0.950058001098968,1.02052728226653,1.09284551745269,0.955954422307976,1.07789678675755,1.21675093427127,0.952523846723012,1.02209294459853,1.10518437383448
"12",0.798221445943789,0.960835509138381,1.17206813048167,0.673728813559322,0.903409090909091,1.22307692307692,0.609149323469996,0.759398496240602,0.947467166979362,0.705727798213347,0.843063402385436,1.00901577761082,0.804843304843305,0.956006768189509,1.13453815261044,0.588810429114612,0.736413043478261,0.913996627318718,0.752732240437158,0.926829268292683,1.1407867494824,0.749735729386892,0.894952681388013,1.07340143776012,0.726348032931804,0.887915936952715,1.07301587301587,0.768553459119497,0.93140243902439,1.1304347826087,0.932374100719425,1.06578947368421,1.21861777150917,0.72436974789916,0.924892703862661,1.18406593406593,0.75,0.985915492957746,1.2962962962963,0.834927910467548,0.956475808155504,1.09798690274072,0.955527238499024,1.04399792135805,1.14072651148413,0.963522012578616,1.06759581881533,1.18944099378882,0.994410805775501,1.11197916666667,1.23912680990644,0.971496437054632,1.05188415520519,1.13796821211414,0.90712061125154,0.987547107979682,1.07108583614715,1.02254098360656,1.11383928571429,1.21263669501823,0.896258691114696,1.00689965501725,1.12314339688238,1.03926096997691,1.2042818911686,1.3903192584964,0.828077314343845,0.970202622169249,1.14165497896213,0.938773483617871,1.09295120061967,1.27004129836667,0.762210796915167,0.902587519025875,1.06846846846847,0.785115820601281,0.881815665651813,0.992523364485981,0.823534255987727,0.934075502207849,1.05991718417452,0.973401996177532,1.05552517198699,1.14547304650293,0.953113641870608,1.02368249837345,1.09789965808387,0.957435398681899,1.07848443843031,1.21919372516145,0.954137815790587,1.02397720552658,1.10752417846838
"13",0.85097192224622,1.02337662337662,1.24683544303797,0.691983122362869,0.926553672316384,1.26153846153846,0.619419826889628,0.777941176470588,0.970642201834862,0.718497691359318,0.860335195530726,1.02973682175467,0.824191279887482,0.981574539363484,1.16733067729084,0.584484590860786,0.733333333333333,0.912106135986733,0.759972954699121,0.936666666666667,1.15403375744696,0.752615615674993,0.896659381829535,1.07767354596623,0.728991596638655,0.891267123287671,1.0809968847352,0.781999039302059,0.952091254752852,1.15711645101664,0.965422620391288,1.1025641025641,1.26176059618072,0.711221122112211,0.909282700421941,1.1680216802168,0.794326241134752,1.04186046511628,1.36585365853659,0.839201781533822,0.961844863731656,1.10395274429616,0.968535193996659,1.05761140207779,1.1555374194257,0.98766954377312,1.09575923392613,1.22196796338673,1.02078042022628,1.14119772844605,1.27260559126984,0.98313966669543,1.06468075664281,1.15246105738938,0.928206255319177,1.01119584617881,1.09795630725863,1.02404334575008,1.11545555145703,1.21544630147507,0.894004442022828,1.00758702767034,1.12284482758621,1.07113484436895,1.2400354295837,1.4344262295082,0.890868618618619,1.04093567251462,1.22758620689655,0.957248534299338,1.1184668989547,1.30312701511458,0.771501925545571,0.917557251908397,1.09074410163339,0.806179656754836,0.905139420448332,1.02159827213823,0.83274527854915,0.943306892947181,1.07362494523446,0.987164676279941,1.07091601659526,1.16280294601275,0.963164038114991,1.0332957303241,1.10904694249151,0.987354854840983,1.11260827718961,1.26063937245095,0.966789279469065,1.03850020346738,1.12401165320599
"14",0.872570194384449,1.05483028720627,1.28662420382166,0.695473251028807,0.933701657458563,1.28030303030303,0.629587155963303,0.792207792207792,0.992766726943942,0.744473007712082,0.893275755706354,1.07100591715976,0.898891966759003,1.07095709570957,1.27504911591356,0.619321148825065,0.775670372792675,0.965798045602606,0.790040376850606,0.97346600331675,1.20410256410256,0.772599842238452,0.922412485312623,1.10333121520584,0.743948525737131,0.912013536379019,1.11019567456231,0.792652552926525,0.962934947049924,1.17219152854512,0.991160448435102,1.13327948303716,1.29907407407407,0.749180327868852,0.958071278825996,1.23848238482385,0.790940766550523,1.03181818181818,1.35928143712575,0.880736610179877,1.00894156789353,1.15911561939598,0.992672629759176,1.08704557091654,1.18846799776078,0.98719512195122,1.09688346883469,1.22744503411676,1.03060869100315,1.15311860940695,1.2848191398462,1.00665454907443,1.09087405450877,1.18272621596684,0.963200225131278,1.04942843342457,1.13970973946494,1.03753740195783,1.12997444322746,1.23355918692706,0.894170061222327,1.00647058823529,1.12326080518865,1.125,1.30561723903195,1.50920245398773,0.952569169960474,1.12223515715949,1.32417582417582,0.988726790450928,1.15268650947043,1.3456678700361,0.749363867684478,0.892424242424242,1.05935251798561,0.837349397590361,0.942500678058042,1.06465276478926,0.861225783522047,0.977605802071417,1.11224348308375,1.00899411107649,1.09531360611638,1.19059124852776,0.978242616973898,1.05116249361267,1.12727092154636,1.02088994565217,1.15374280230326,1.30618542741341,0.99160417947142,1.06553685007719,1.15426758282794
"15",0.886214442013129,1.07142857142857,1.31493506493506,0.714285714285714,0.966850828729282,1.31603867623604,0.660997732426304,0.832857142857143,1.04480286738351,0.763867684478372,0.918042813455658,1.10205580029369,0.918367346938776,1.09577922077922,1.31067961165049,0.663277599520504,0.833652007648184,1.03235990528808,0.873739648272911,1.07698607698608,1.33638211382114,0.834923729621082,0.996680748340374,1.19673913043478,0.795345653661875,0.97319932998325,1.18450560652396,0.792985372992279,0.965594614809274,1.17577413479053,1.01083916083916,1.1564,1.32675539238183,0.805792697272456,1.03319502074689,1.33512064343164,0.835051546391753,1.08968609865471,1.43786982248521,0.911788316488776,1.04463732176069,1.20299857210852,0.990257073478089,1.085186599143,1.18733778272154,0.983670950275114,1.09555854643338,1.22314049586777,1.0199942058623,1.14373088685015,1.27537138196109,1.01394893913719,1.09967651735293,1.19315883402736,0.971809270106801,1.0588424437299,1.15019210618233,1.03778000668673,1.13284671532847,1.23518937195374,0.881816998568268,0.993256120803401,1.11029625726685,1.13764258555133,1.31922398589065,1.52965235173824,0.977493241385631,1.15473441108545,1.35869565217391,1.00132714001327,1.16931421929485,1.36437613019892,0.740740740740741,0.881458966565349,1.04882459312839,0.862443911799345,0.971390013495277,1.09826060421117,0.905295664938694,1.02603258953205,1.16620028700287,1.01044020588024,1.0987189787833,1.19514455282543,0.976221462976971,1.04989638238398,1.12627402695123,1.03287260566657,1.16877637130802,1.32307125088607,1.00376016280235,1.07852166725706,1.1684557075784
"16",0.885209713024283,1.07219251336898,1.31045751633987,0.710204081632653,0.961325966850829,1.30827067669173,0.697752808988764,0.880851063829787,1.10498220640569,0.774086675351683,0.933414043583535,1.13217938675566,0.912350597609562,1.09220985691574,1.30857142857143,0.683202357563851,0.861300309597523,1.07745933384973,0.890763731260981,1.10105092966855,1.36336336336336,0.864518761987453,1.03538122180256,1.24271499644634,0.806283269241033,0.984126984126984,1.19715447154472,0.807539478376132,0.986607142857143,1.20435967302452,1.02745977823736,1.18011182108626,1.35116598079561,0.838709677419355,1.07438016528926,1.38675935828877,0.882758620689655,1.16363636363636,1.53293413173653,0.920967741935484,1.06013410101584,1.22212379552456,0.999535968382401,1.09542097684026,1.1967908520841,1.00658682634731,1.1199200532978,1.2544776119403,1.01939310974219,1.13979591836735,1.27475035663338,1.02472301642491,1.11190033876079,1.20607244180597,0.985086415173275,1.0716235747551,1.1641762436534,1.06894513159503,1.16733357584576,1.27443680431367,0.88366230632142,0.996373132163064,1.11820709208982,1.18524212144504,1.37433155080214,1.58969072164948,0.98828125,1.16994219653179,1.38630136986301,1.03091926683483,1.20857699805068,1.41423357664234,0.784891165172855,0.934451219512195,1.11050724637681,0.87763793398266,0.987700534759358,1.11634935025688,0.92368730714645,1.05130040563111,1.19542491199492,1.01994442592295,1.1087176318598,1.20537237623211,0.986159908786676,1.06234540495973,1.14069929987579,1.06817339357461,1.21007916586214,1.3740483136489,1.01861718226517,1.09495907560506,1.18800078432618
"17",0.904139433551198,1.0978835978836,1.34751232074115,0.724279835390947,0.983240223463687,1.35384615384615,0.702341137123746,0.893617021276596,1.12701252236136,0.801383399209486,0.97242206235012,1.17963636363636,0.932894736842105,1.12006319115324,1.34535104364326,0.690639204839388,0.875379939209726,1.0958904109589,0.894599869876383,1.10797743755036,1.3695219123506,0.871920673765953,1.04922355698799,1.26269393511989,0.806143344709898,0.989112227805695,1.20513281461716,0.8,0.976848394324123,1.19452054794521,1.04841518634622,1.20255693168198,1.3794683776352,0.837359098228664,1.07438016528926,1.38666666666667,0.860068259385666,1.125,1.49112426035503,0.918906671021475,1.05771592304544,1.21772630776465,1.00690997842987,1.1026913372582,1.20705210826735,0.981264637002342,1.09542483660131,1.22514619883041,1.02232854864434,1.1431847133758,1.27835668598208,1.02827608575172,1.11661394131123,1.21207994693594,0.982334756366848,1.06939102564103,1.16396302110588,1.08657011191573,1.1882649388049,1.29757564930367,0.884482397715257,0.998131647025007,1.11998064828254,1.21923076923077,1.4189794091316,1.64936657236386,0.998052580331061,1.18771726535342,1.4041095890411,1.02480952614995,1.2059968847352,1.41742376864705,0.792405063291139,0.951367781155015,1.13405797101449,0.902824866643236,1.01700318809777,1.15475113122172,0.928808289812089,1.05858262108262,1.20466058763931,1.02258796112913,1.11275669492807,1.21251410110299,0.989761042318077,1.06603238611304,1.14387707442022,1.07961131946812,1.22235089751013,1.39004274769691,1.02200464960429,1.10123832565884,1.19502024347084
"18",0.90984022556391,1.104,1.36184210526316,0.707317073170732,0.956043956043956,1.32824427480916,0.710092434961349,0.9002849002849,1.13669064748201,0.82932810201079,1.00955223880597,1.22270426608821,0.935400516795866,1.12422360248447,1.35074626865672,0.694681861348528,0.883454106280193,1.10584101769805,0.890251775338928,1.10055865921788,1.36669970267592,0.874161073825503,1.05557163531114,1.27474025843084,0.816354816354816,1,1.21946169772257,0.810142238713667,0.992424242424242,1.21408711770158,1.0499483293145,1.21048451151708,1.39370592509761,0.8432,1.0843621399177,1.40159574468085,0.839590443686007,1.09821428571429,1.46428571428571,0.921421952542412,1.0619378577269,1.22813964788886,1.01526158156282,1.1154873164219,1.22071043740298,0.980957876514714,1.09677419354839,1.22834590339339,1.0119611825773,1.13346814964611,1.26845827439887,1.02294660896888,1.11177234364856,1.20804185527012,0.993108504398827,1.08298688839143,1.17996515679443,1.09807754969045,1.20014245014245,1.31281651733541,0.897242508067999,1.01123915208422,1.13618925831202,1.22553455320661,1.42780269058296,1.66006256517205,1.00096899224806,1.19146482122261,1.40735694822888,1.02154458070931,1.2046121233953,1.41896869244936,0.810301507537688,0.974320241691843,1.16425992779783,0.915978728236773,1.0338087691495,1.17644406964935,0.930928017796643,1.06445410806893,1.21353755889151,1.02238295134085,1.11318685915766,1.21377857517963,1.00162573303141,1.07913174027274,1.1587184309511,1.07825039012068,1.22720247295209,1.39481774264383,1.02814914362688,1.10672018516319,1.20282244317453
"19",0.900862068965517,1.09711286089239,1.35714285714286,0.710204081632653,0.961325966850829,1.33846153846154,0.711283185840708,0.90436005625879,1.13805309734513,0.83730106059909,1.02199762187872,1.23049391553329,0.928843710292249,1.12288786482335,1.35120147874307,0.699479413156649,0.890898131404461,1.11379050489827,0.898883695462376,1.11584875301689,1.38285144566301,0.868758166481913,1.05605058924978,1.27704688760938,0.799039780521262,0.982293423271501,1.20103092783505,0.835096453018046,1.02521008403361,1.25894137180808,1.0570550051247,1.22003154574132,1.40508628519528,0.878980891719745,1.1265306122449,1.46031746031746,0.883561643835616,1.16216216216216,1.54491017964072,0.901901985713185,1.04223075368761,1.20654970760234,1.01898685307815,1.12084542063821,1.22970460090339,0.993177942012507,1.11415816326531,1.24787944194833,1.0114725171292,1.13377082281676,1.26892655367232,1.02145141706157,1.11238821682394,1.20968578026207,0.989068232086045,1.0795165394402,1.17765440666204,1.09632731958763,1.19866150052835,1.31288580246914,0.922517397363726,1.04317155756208,1.17179545157108,1.20753266717909,1.4115004492363,1.64502617801047,0.990300678952473,1.17898383371824,1.39671682626539,1.00560686015831,1.18730529595016,1.39863989983622,0.817610062893082,0.981873111782477,1.17753623188406,0.916995130999304,1.03751311647429,1.18059701492537,0.932390370483596,1.06520780115093,1.21619987910538,1.02515132654128,1.11658895993613,1.21580976279687,1.01284268404301,1.09176134599863,1.17256784690271,1.06826286296485,1.21377580551804,1.38112723064174,1.03128944035848,1.11003063726134,1.20724582239625
"20",0.920430107526882,1.12335958005249,1.38522569663346,0.770413181666109,1.04444444444444,1.44615384615385,0.723451327433628,0.915966386554622,1.15547703180212,0.848572810836962,1.03848431024275,1.25646950837518,0.911471321695761,1.10590015128593,1.33151183970856,0.694962686567164,0.885850178359096,1.11030385825468,0.877957493426636,1.09149277688604,1.35054617676266,0.874701580821652,1.06575185820469,1.29131703977565,0.794097920858484,0.982572614107884,1.20081135902637,0.837328531453414,1.03440187646599,1.26724137931034,1.04619565217391,1.21164437450826,1.3993798273512,0.888888888888889,1.15212981744422,1.49868073878628,0.916083916083916,1.2073732718894,1.61728395061728,0.889371309482459,1.03017501508751,1.19204604467323,1.01964077569275,1.12156701030928,1.23157594545136,0.956353591160221,1.07116336633663,1.19875346260388,0.999326599326599,1.12141057934509,1.25798248092682,1.01859171424389,1.11052589656427,1.20994842629378,0.996681096681097,1.08943217665615,1.18799449604403,1.114696485623,1.22163865546218,1.33781957745311,0.935224271113522,1.0605387392391,1.19176623477752,1.1951951951952,1.40264317180617,1.63449691991786,0.997073170731707,1.18975552968568,1.41160220994475,1.00097189927174,1.18621757646148,1.4029304029304,0.821339950372208,0.986587183308495,1.18214285714286,0.928890483927254,1.0509271350222,1.19656849929705,0.92916382531671,1.0625219941349,1.21665955949938,1.01889310445392,1.11358843025008,1.21335930805102,1.02506387497792,1.1076375037317,1.19044554293616,1.06626303397242,1.213861765269,1.38277744313824,1.03071908234782,1.11263569705408,1.21300378468735
"21",0.901239304849694,1.10236220472441,1.36363636363636,0.782786885245902,1.06703910614525,1.4921875,0.716304347826087,0.915277777777778,1.16225749559083,0.857965451055662,1.05114638447972,1.27259786476868,0.889135219554166,1.07922272047833,1.30560578661844,0.698976238899534,0.887456037514654,1.11241734019104,0.85786403012093,1.06891025641026,1.32868525896414,0.872921789751071,1.05954068613553,1.28773259820813,0.780410385127834,0.968006562756358,1.18355065195587,0.853470437017995,1.05480540111199,1.2943469785575,1.04596147347077,1.21301200033425,1.40237203207794,0.872274143302181,1.12676056338028,1.47368421052632,0.923076923076923,1.21658986175115,1.65,0.879046617145517,1.01765295887663,1.1789517732917,1.01491980604252,1.11653672548215,1.22578886813352,0.946535733769776,1.05921855921856,1.18835616438356,0.997282399142945,1.12148110575704,1.26054732041049,1.00761828734456,1.10009007576962,1.19742140964059,1.00216076058773,1.09662673392182,1.19762437596832,1.11563100576553,1.22425307557118,1.34272690084597,0.917379922472129,1.0407994486561,1.16979539106162,1.15241635687732,1.35371179039301,1.58006069400237,0.983622350674374,1.1735632183908,1.3948087431694,1.00424432512158,1.19130772215755,1.40890316659018,0.805555555555556,0.972303206997085,1.16613497054609,0.928664401050597,1.05114226375909,1.20008597645069,0.922608761143158,1.05655196588187,1.21043173345068,1.01370632323365,1.10611002709178,1.20679155280172,1.02047646057856,1.10296416742205,1.18455944555382,1.05221017514595,1.20266920877026,1.37071583554054,1.02485591149935,1.10616131232094,1.20696583224502
"22",0.914163090128755,1.12105263157895,1.39672131147541,0.811244979919679,1.11602209944751,1.55384615384615,0.733041575492341,0.934449093444909,1.19217081850534,0.860133206470029,1.05669199298656,1.28136073706591,0.876695437731196,1.0627802690583,1.28804347826087,0.702637190965944,0.895104895104895,1.12860267104638,0.848717948717949,1.0592,1.31872509960159,0.8758109360519,1.06598984771574,1.29497512339683,0.790746035685363,0.979158316365521,1.20040080160321,0.850515463917526,1.05515587529976,1.2992445987355,1.05985796415286,1.23264508208615,1.42389822807815,0.898270534550196,1.16367265469062,1.53018372703412,0.9375,1.24423963133641,1.67728066770186,0.873400856959256,1.0125974805039,1.17604027117174,0.98862293144208,1.09142810537477,1.19943443409274,0.933764135702746,1.04520795660036,1.17320703653586,0.988465653571566,1.11204268292683,1.2541547277937,0.997472427892336,1.08709992423769,1.18493124100906,0.997977948970293,1.09283233343859,1.19551466198624,1.09946151409566,1.20982920878355,1.32785003825555,0.905700618275747,1.02661958440853,1.15599157426198,1.08698830409357,1.28189655172414,1.49899193548387,0.959785672463795,1.14628571428571,1.36653161952485,1.00032679738562,1.19012441679627,1.41124942369756,0.822249093107618,0.992700729927007,1.19507908611599,0.934857142857143,1.05931105931106,1.21079353897115,0.922908105850861,1.06057429087309,1.21580364579591,0.996362397173164,1.0895133019919,1.18967502418584,1.01046943600135,1.09290149762572,1.1777267169492,1.03606955978679,1.18505135032332,1.3510554165969,1.01525491617854,1.0975115043799,1.19774023807625
"23",0.959488272921109,1.17801047120419,1.46579804560261,0.820324788451966,1.12290502793296,1.5703125,0.754042436436803,0.962655601659751,1.22535211267606,0.850694245246231,1.04739884393064,1.27605633802817,0.854523227383863,1.03863298662704,1.25719424460432,0.705582672760986,0.90097869890616,1.13078034682081,0.846153846153846,1.05802861685215,1.32174776564052,0.885385500575374,1.08335680090115,1.31701472098596,0.775963422599608,0.961165048543689,1.18326693227092,0.859533026036499,1.06581059390048,1.31615460852329,1.06574042697391,1.23721479150275,1.4328181486888,0.889057750759878,1.16071428571429,1.5234375,0.921232876712329,1.22831050228311,1.66049382716049,0.861195243782178,1,1.16181901341265,0.970555366844746,1.07291666666667,1.18055509847475,0.9264,1.0394973070018,1.16733870967742,0.986636934462338,1.11315453384419,1.25482291966599,0.990940660046417,1.08039277462718,1.17928583710667,0.990674318507891,1.08586255700582,1.18887741046832,1.1025641025641,1.21335168616655,1.33308128544423,0.880035220618657,1.00013431833445,1.12664548343168,1.08454810495627,1.27944969905417,1.5030303030303,0.959785672463795,1.14628571428571,1.36834924965894,0.994802185471308,1.18646034816248,1.40559120073327,0.832134292565947,1.00579710144928,1.20905923344948,0.93938706015891,1.06443731664375,1.21777516185992,0.92170730692074,1.06006493506494,1.21747439331709,0.98749474828856,1.08037150718011,1.18198753606674,0.9969314676594,1.07959417839242,1.16303617707038,1.03372588641176,1.1845395983327,1.35324675324675,1.0085805949001,1.0906065228628,1.19225094947183
"24",0.910968798151002,1.11688311688312,1.3961038961039,0.835341365461847,1.14917127071823,1.60031007751938,0.759554288104552,0.97275204359673,1.24173913043478,0.840222944728286,1.03430531732419,1.26152828428524,0.847826086956522,1.03083700440529,1.25133689839572,0.722488525231793,0.922591743119266,1.16680869532728,0.856028694625842,1.07398568019093,1.34328358208955,0.887761719284471,1.08286674132139,1.32194121667806,0.784555483452304,0.971864951768489,1.19705936178355,0.875893437296946,1.08622078968574,1.35070140280561,1.06299913068975,1.23397561934723,1.43093287242753,0.862951807228916,1.1301775147929,1.48831168831169,0.942176870748299,1.25909090909091,1.70987654320988,0.856799078839153,0.996834190740008,1.15683787082045,0.956383363471971,1.0583526774994,1.16380856418548,0.892914224826851,1.00119474313023,1.1271015467384,0.96922528839629,1.09369415368905,1.23281462705483,0.978690842852054,1.0683181028038,1.16893182195452,0.989673872632436,1.08512144032761,1.18894759364143,1.11439281441535,1.2251542152159,1.34652869136875,0.863668142624097,0.982698048733447,1.10693777822755,1.06981818181818,1.26374570446735,1.48435923309788,0.969141755062681,1.16050808314088,1.3900896254066,0.990958992573458,1.18448475492088,1.40266685662913,0.834123222748815,1.00859598853868,1.21588946459413,0.934802158273381,1.05774612058001,1.21048916181112,0.924148074751213,1.06385437734759,1.21971420419484,0.971619867983627,1.06543741588156,1.16630987768055,0.991954578651962,1.07286356821589,1.15823241738527,1.02897649921239,1.18106218106218,1.3505511130322,1.00039215509106,1.08281621568228,1.18495041025612
"25",0.878723404255319,1.07832898172324,1.34967320261438,0.847389558232932,1.17222222222222,1.63565891472868,0.741138560687433,0.949105914718019,1.21693121693122,0.817928471899675,1.0034188034188,1.22717770034843,0.830299960080533,1.00877192982456,1.22775800711744,0.721098607931578,0.921848260125499,1.16258992805755,0.857506361323155,1.0784,1.35477386934673,0.88302752293578,1.07662192393736,1.3130968622101,0.771280051981806,0.955716586151369,1.18344965104686,0.873533246414602,1.08239095315024,1.34673366834171,1.05678340700442,1.23089108910891,1.42505073003294,0.884210526315789,1.16205533596838,1.52727272727273,0.918918918918919,1.23076923076923,1.66871165644172,0.837921084235952,0.976560961197558,1.13274579048533,0.941862094962153,1.041395201017,1.14712060213548,0.895062973821726,1.00299940011998,1.12896691424713,0.934565687347529,1.05292693971238,1.19032858994044,0.961650321810237,1.04892950391645,1.14658370911582,0.976717123250354,1.07055118110236,1.1753112033195,1.11660447761194,1.22937350222527,1.35305199698568,0.850926672038678,0.968807339449541,1.0926910052185,1.02975326560232,1.21802575107296,1.4304435483871,0.901140981336815,1.0801393728223,1.29707112970711,0.965803771172899,1.1574109536576,1.37551206190259,0.829268292682927,1.00705218617772,1.21843003412969,0.910946612830866,1.03464968152866,1.18603971962617,0.91674194519723,1.05562137104514,1.21061700576579,0.953188784863966,1.04547160705668,1.14509734825126,0.98090974567155,1.06205949110023,1.14701513851001,0.998523137512307,1.14465763732129,1.3119879258301,0.985786531919371,1.06617605651199,1.1671231813405
"26",0.861111111111111,1.06052631578947,1.32565789473684,0.824489795918367,1.14772727272727,1.616,0.715526601520087,0.919107391910739,1.18312387791741,0.801558203483043,0.988135593220339,1.21123982095242,0.740914419695193,0.902857142857143,1.10296684118674,0.690909090909091,0.883720930232558,1.11444921316166,0.830114910313901,1.04773462783172,1.32008154943935,0.860827137546468,1.04809052333805,1.28156347284677,0.752114508783344,0.935275080906149,1.16064257028112,0.866666666666667,1.0780487804878,1.34619289340102,1.03511762700307,1.2061978545888,1.39779005524862,0.853512705530643,1.12845849802372,1.47927461139896,0.932885906040268,1.2579185520362,1.71604938271605,0.78303946263644,0.915210991167812,1.0648610704397,0.911763553428637,1.00978767069224,1.11282185107864,0.885915705550185,0.996402877697842,1.12221471978393,0.907972665148064,1.0236260914227,1.15872935361821,0.923831146095386,1.0083806152725,1.10293939734774,0.936416933446112,1.02739726027397,1.12831198557085,1.11265861962241,1.22612551159618,1.34896810506567,0.843407846715328,0.960639127045986,1.08495116309559,0.970993473531545,1.14444444444444,1.3484390735146,0.814492753623188,0.979094076655052,1.17737430167598,0.938011679556083,1.12404287901991,1.33454545454545,0.819332566168009,0.995804195804196,1.2088285229202,0.877086343432808,0.998222899212998,1.14435389988359,0.881645993383574,1.01794189142262,1.17136587252087,0.922447720027213,1.01085358355388,1.10879052184331,0.960672223808616,1.04150561931379,1.12485289190274,0.955267901032279,1.09442462924723,1.25677026547642,0.954068202414025,1.03331354479898,1.1315213226036
"27",0.853556485355649,1.05426356589147,1.32038834951456,0.836065573770492,1.17241379310345,1.65853658536585,0.684153005464481,0.884180790960452,1.14025500910747,0.794358507734304,0.978151260504202,1.2,0.72305909617613,0.88135593220339,1.07590852242273,0.636229372071883,0.813874788494078,1.03516922334567,0.743178620152263,0.938574938574939,1.18144329896907,0.804867623074252,0.984245201947866,1.20730850316233,0.719516398149173,0.89195775792039,1.11021233569262,0.865421093917136,1.07806080525883,1.34288638689867,1.04119985532833,1.21425710853024,1.40696055684455,0.8,1.05511811023622,1.39220779220779,0.863333333333333,1.16666666666667,1.58895705521472,0.746606055809424,0.873313782991202,1.02079524680073,0.90440796316795,0.999608426658313,1.10272376418285,0.879155672823219,0.988724035608309,1.1158740790355,0.894948997999365,1.01009578048149,1.14260614934114,0.906526971772978,0.991438401118554,1.08559735681161,0.913789848735698,1.00391358797746,1.10208413073046,1.10527940722445,1.21934604904632,1.34234479598527,0.83705799256576,0.954449360058131,1.08003871317752,0.943959243085881,1.1152192605331,1.31675126903553,0.797902764537655,0.960964408725603,1.1560773480663,0.936684696150175,1.12495223538403,1.33757383007724,0.845005740528129,1.02937062937063,1.24745762711864,0.8664844405793,0.987239434583726,1.13509587449157,0.840186730690436,0.972022893821773,1.11952084588101,0.909633976573002,0.997313686898239,1.09410173635036,0.949375615510737,1.02787435912546,1.11053100725837,0.948752052462103,1.09060213843557,1.25572354211663,0.935645556232541,1.01381415063065,1.11193272581409
"28",0.878850102669405,1.08905852417303,1.36305732484076,0.864754098360656,1.21264367816092,1.71579868052778,0.673773987206823,0.876560332871013,1.13059033989267,0.831314490803051,1.02206287920574,1.26226158038147,0.715419501133787,0.873961218836565,1.06953691980087,0.594582975064488,0.764088397790055,0.971890372452565,0.704475896860987,0.892045454545455,1.12372188139059,0.778692380056444,0.953629032258065,1.17703519374333,0.701424870466321,0.87621359223301,1.09396704660355,0.87473419016544,1.09151711497249,1.37044522163535,1.011908311436,1.1845356715823,1.37401756819233,0.775631500742942,1.02958579881657,1.359375,0.803921568627451,1.08370044052863,1.48192771084337,0.722905519665843,0.84640712763897,0.989359293638216,0.884336782950491,0.977527655266452,1.07844480602895,0.874210526315789,0.986342042755344,1.1140174379611,0.888078413494415,1.00386498325174,1.13819119570178,0.887508972314025,0.971147659768755,1.06413221275876,0.890080315611942,0.978233830845771,1.07592799293522,1.08587257617729,1.19755600814664,1.32235122596182,0.825136612021858,0.941228851291184,1.06799269842225,0.906637490882568,1.07525951557093,1.27356557377049,0.771517537129103,0.931073446327684,1.12261580381471,0.912314023425135,1.09623430962343,1.30407239819005,0.829663962920046,1.0098730606488,1.22813036020583,0.885826771653543,1.01098352471293,1.1644623346751,0.814676377151288,0.942905924336184,1.08896464140098,0.891114374443294,0.978715528410143,1.07308383324697,0.929951217997607,1.00926088740402,1.09057629264513,0.922484439268846,1.06135832313112,1.22064210299504,0.916892413373023,0.993665909255651,1.09176019858742
"29",0.887295081967213,1.10459183673469,1.38338658146965,0.856,1.20224719101124,1.712,0.708421052631579,0.920656634746922,1.18909854904781,0.852031802120141,1.05467468562056,1.30779661016949,0.702552719200888,0.858887381275441,1.04975124378109,0.584272971483676,0.753387533875339,0.959298825823868,0.676952141057935,0.860688550840673,1.08695652173913,0.781385269694695,0.95825511171691,1.18761188686001,0.678594249201278,0.84756584197925,1.06519558676028,0.871777924653007,1.09825145711907,1.38550420168067,1.0183299389002,1.19664938173115,1.39146567717996,0.799371324615343,1.05742574257426,1.39425587467363,0.824675324675325,1.11894273127753,1.53962860310421,0.707952911987588,0.829976762199845,0.970567090021665,0.866489187221266,0.961239115357941,1.06098945804823,0.873004331293596,0.984486873508353,1.11488370977468,0.882057142857143,0.996900025833118,1.13034563561804,0.872925622644805,0.955990283197718,1.0476403990584,0.873155349249633,0.959895110288447,1.05581947743468,1.05308114704088,1.16268103738633,1.28759127247017,0.806237284605497,0.920780856423174,1.04487637558954,0.865412445730825,1.03103448275862,1.22418693474504,0.772977941176471,0.934444444444444,1.12734584450402,0.901448362720403,1.08488063660477,1.29607624092973,0.809884534106155,0.990140845070423,1.20795575527441,0.905066618577122,1.03111111111111,1.19110096976612,0.806805449124766,0.935742277547257,1.08530111719654,0.8774332774387,0.964547773715909,1.05853549793244,0.909504662054106,0.986668990986507,1.06850853323821,0.907511712955859,1.04261257908448,1.20261858767976,0.906365959217488,0.981274054041334,1.07880421300338
"30",0.894949494949495,1.11586901763224,1.40634920634921,0.836,1.18079096045198,1.68548387096774,0.67601114968151,0.883355176933159,1.14821124361158,0.851139015319932,1.05300546448087,1.30910326086957,0.689617486338798,0.842456608811749,1.03782894736842,0.575014448629451,0.748284960422164,0.960720890175003,0.669554826869619,0.860335195530726,1.08998988877654,0.769392033542977,0.946147235749069,1.17253437114254,0.658808933002481,0.825174825174825,1.03508771929825,0.88336646785951,1.10806317539485,1.398740818468,1.02387448840382,1.20128051220488,1.39955011872456,0.793073766260582,1.05168986083499,1.40691489361702,0.823151125401929,1.117903930131,1.55151515151515,0.686217081322831,0.805384615384615,0.944738015710853,0.849698578676079,0.94420372481946,1.04325769222059,0.844755970924195,0.95481220657277,1.08034528552457,0.890430893444588,1.00879234548746,1.1470324564907,0.872860201950521,0.957231686972347,1.05060346593284,0.861549100968188,0.948674992385014,1.04601175482788,1.05506807866868,1.16388518024032,1.28766617429838,0.779315092399676,0.891727644797222,1.01153629712999,0.848137535816619,1.00937766410912,1.1959898274964,0.796733212341198,0.966960352422907,1.16755319148936,0.903761755485893,1.08956916099773,1.30629814227458,0.788904613078628,0.964739069111425,1.17324185248714,0.896860986547085,1.02614219398974,1.18745538438511,0.799690391804538,0.92770669573699,1.07901414595321,0.872043606956445,0.959246833632415,1.05440774424029,0.89232437944888,0.969158449896813,1.05182604367573,0.906583562404478,1.04298684454326,1.20175064047822,0.897600246238598,0.972887948677511,1.07092344467964
"31",0.908350305498982,1.13197969543147,1.43870967741935,0.914634146341463,1.30057803468208,1.875,0.658464566929134,0.868831168831169,1.13389830508475,0.861992945326279,1.07064622124863,1.33267439605844,0.682212581344902,0.836436170212766,1.03118987052141,0.575456491239581,0.749870264660093,0.963365487316421,0.66438600642185,0.850911974623315,1.08274470232089,0.779066105657583,0.958345303073829,1.18972895863053,0.656596794081381,0.823029366306028,1.03197674418605,0.871932815643042,1.09626556016598,1.380355276907,1.03158455323427,1.20836685438455,1.41099107562236,0.779075449874324,1.0398406374502,1.392,0.821086261980831,1.12227074235808,1.56707317073171,0.67020307866564,0.787523992322457,0.921815322399461,0.837463768579242,0.929759078349162,1.0267299525356,0.833419555095706,0.944314185228605,1.07043189368771,0.904328018223235,1.02451612903226,1.16628353861406,0.878534320261137,0.963640948058497,1.05885221411361,0.854052652192289,0.941406838379274,1.03889627659574,1.06083538762094,1.17517517517518,1.30155210643016,0.74957048183501,0.859687652513421,0.977392764339618,0.849985045742435,1.01300899080914,1.20459081836327,0.826264051764889,0.998911860718172,1.20789473684211,0.90605493133583,1.09547169811321,1.31536021748981,0.780681818181818,0.956824512534819,1.17235494880546,0.905606393023108,1.03793441018111,1.20346197502838,0.79437445821297,0.923332379043802,1.07343147689846,0.869500882957199,0.958843793541266,1.05461146813717,0.877215630644922,0.953077184631078,1.03412813470783,0.909011382777734,1.05113113849549,1.21311823392061,0.89324758174556,0.970085392598049,1.06870815968053
"32",0.902194480320567,1.13010204081633,1.44299674267101,0.857142857142857,1.22727272727273,1.77085760737027,0.657971014492754,0.867515923566879,1.13879598662207,0.861706783369803,1.07185628742515,1.34130351149448,0.676025917926566,0.831341301460823,1.02791461412151,0.56935736677116,0.745510518214469,0.962267597505475,0.653250261085269,0.842105263157895,1.07414829659319,0.780625551645449,0.961206896551724,1.19293865905849,0.646950092421442,0.813008251937083,1.0233918128655,0.876892692560895,1.10082644628099,1.38898306560635,1.07575874231325,1.26459383223266,1.47496490407113,0.783994716509488,1.0515873015873,1.40583554376658,0.847619047619048,1.16086956521739,1.60843373493976,0.673235806683313,0.791263057929725,0.930746933365285,0.840572057277724,0.934770490048072,1.036429572241,0.851008794619762,0.966509988249119,1.09666666666667,0.922219695246759,1.04537251869038,1.19265583086721,0.885062744736509,0.971265803807906,1.07009196001893,0.85673043843816,0.946966292134831,1.04513888888889,1.0552733791455,1.17147595356551,1.29996319470004,0.736394200462282,0.846190993601352,0.963307323517132,0.861480940102944,1.02980132450331,1.22803553800592,0.845948352626892,1.02702702702703,1.25,0.895017166529797,1.08590806330068,1.30762250453721,0.766704416761042,0.942896935933148,1.16123499142367,0.900503279437657,1.0330257406508,1.19729805797917,0.800848458431319,0.931716620457111,1.08541680482791,0.877632201347316,0.968202416108409,1.06640085169486,0.872140084689845,0.948475644054449,1.03106273694509,0.910717112553427,1.05308438586857,1.21679357021997,0.896546894011291,0.975458976819955,1.07494125541338
"33",0.917338709677419,1.15482233502538,1.48208469055375,0.857692307692308,1.23204419889503,1.784,0.653179190751445,0.863694267515924,1.13,0.864376926464113,1.0744389709907,1.34821428571429,0.689989235737352,0.849006622516556,1.05254515599343,0.562040974101276,0.739572736520855,0.954694681549573,0.654008438818565,0.84765625,1.085,0.776456876456876,0.958561151079137,1.19907486947317,0.662337662337662,0.83671875,1.05312325796112,0.872618026409811,1.1004942339374,1.39315418592349,1.10037555479686,1.29281989570798,1.51101734646038,0.775811209439528,1.04158415841584,1.40266666666667,0.86084142394822,1.18222222222222,1.64197530864198,0.674053518281284,0.793945127719962,0.934531569461151,0.8385206582282,0.93451197053407,1.03652259171501,0.864642305712815,0.984182776801406,1.11776447105788,0.916731539616746,1.04179487179487,1.19009958992384,0.880498596624188,0.967653781178575,1.06700781704035,0.84113879567716,0.931980906921241,1.03000754275109,1.04579605869659,1.16070842899311,1.28878368536052,0.71454626796587,0.82451980080626,0.939348912602999,0.871812543073742,1.04545454545455,1.24633614617036,0.828345070422535,1.01074113856069,1.23167539267016,0.884567901234568,1.07100149476831,1.29275251828258,0.771428571428571,0.950704225352113,1.171875,0.902269892140641,1.03829374697043,1.20370890699635,0.802764493492396,0.936552115876171,1.09091270032244,0.874370891377609,0.966039274811852,1.06739433480009,0.852827305145186,0.930210590653998,1.01264367998942,0.905748992869058,1.0481488236367,1.21372756071806,0.893716216522115,0.971936652431335,1.07320395006587
"34",0.907258064516129,1.14213197969543,1.46579804560261,0.828793774319066,1.18994413407821,1.73170731707317,0.656816015252622,0.871049304677623,1.14451827242525,0.872246696035242,1.08493150684932,1.36363636363636,0.697209581939685,0.858267716535433,1.06514657980456,0.560717135788747,0.736868686868687,0.951108213820078,0.655391445292224,0.848769180023456,1.08926780341023,0.770781109039951,0.952505068056762,1.19513081395349,0.661461586508432,0.839809674861221,1.06112224448898,0.884575671959264,1.11626001730947,1.41108786610879,1.11023890784983,1.30590124448013,1.52508204406939,0.796433878157504,1.07414829659319,1.45257452574526,0.875338315654131,1.2027027027027,1.68987341772152,0.702878228038213,0.828967350037965,0.979367571204306,0.84985398073969,0.946170455396641,1.05054444986186,0.895115681233933,1.01693925233645,1.15989340439707,0.90996640537514,1.03753830439224,1.18731735827002,0.880425458063812,0.96675709001233,1.06492737433502,0.834755427976486,0.924545051043054,1.02175041658489,1.0195563339171,1.13372281726712,1.25921521450991,0.699087991482738,0.806049193833118,0.92069135909412,0.884852638793694,1.0608052588332,1.26571732667552,0.835834068843778,1.01827956989247,1.24278215223097,0.884627186253452,1.07614781634938,1.30336012584619,0.796978198300193,0.982930298719772,1.21441124780316,0.905002101723413,1.04312015503876,1.21227477477477,0.814790912650579,0.95008694242133,1.10864413421196,0.878345093421378,0.970271467598299,1.07379185359536,0.836744960782961,0.915012133245092,0.995867312879277,0.913829295996868,1.06029372404594,1.23083439220669,0.895045465989802,0.975780736848391,1.07753108269536
"35",0.890219560878243,1.13054680974105,1.43882607787869,0.83011583011583,1.19444444444444,1.7479674796748,0.641706161137441,0.853720050441362,1.12458471760797,0.875475698960081,1.09011237978064,1.36678172557683,0.726285262728571,0.893840104849279,1.11074918566775,0.562307692307692,0.741755454084221,0.95994747209455,0.674109837054919,0.874021909233177,1.117,0.768179446247341,0.948985507246377,1.18970186310782,0.667280479484861,0.847739888977002,1.07329317269076,0.882740447957839,1.11759799833194,1.41798941798942,1.12087163772557,1.32102728731942,1.54626585251292,0.789004457652303,1.05776892430279,1.4429347826087,0.934210526315789,1.28506787330317,1.79746835443038,0.728469626769167,0.860456273764259,1.01685585867587,0.854508482842268,0.953152698132648,1.06105239436156,0.898536092882383,1.02475532527346,1.16953302041243,0.903332597660561,1.03098236775819,1.18124098124098,0.876746619425812,0.964268280777116,1.06233001127415,0.825079785565674,0.915482642449099,1.01280181494085,1.01711392319918,1.13174039392961,1.26215340295283,0.689610448586705,0.797323797439151,0.911993666710648,0.8714859437751,1.04662379421222,1.2507505264908,0.841764837236999,1.02446808510638,1.25390625,0.88895668090299,1.08307009873197,1.30850144897366,0.81901489117984,1.01997146932953,1.26102292768959,0.905988274706868,1.04554791909142,1.21408529741863,0.826882113544944,0.96413387814962,1.12581170772977,0.879620367546569,0.97131198838461,1.07547535894451,0.829614660193771,0.907442696139816,0.988495623855032,0.918351050905424,1.06794709186447,1.24058093033046,0.897554613628953,0.979284011948304,1.08184937767044
"36",0.92,1.16751269035533,1.49350649350649,0.813229571984436,1.18079096045198,1.72763257575757,0.641155794002886,0.851944792973651,1.12795389467167,0.892910480913371,1.11368653421634,1.40041637751561,0.721276595744681,0.893280632411067,1.11330049261084,0.554828780300115,0.734215885947047,0.951815181518152,0.666666666666667,0.864738076622361,1.11267605633803,0.769757519496952,0.950160303118624,1.19153135924821,0.660815700676502,0.842777334397446,1.0709939148073,0.874259381171824,1.11222780569514,1.41126461211477,1.13426716774855,1.33843988506195,1.5719696969697,0.800295857988166,1.07984031936128,1.46216216216216,0.966216216216216,1.32407407407407,1.86928104575163,0.738441642418364,0.871173842192408,1.03185001129433,0.851692684931721,0.949527723700339,1.05775525269458,0.927382753403933,1.05689655172414,1.20748522652659,0.896026490066225,1.02448258455326,1.17516774391695,0.877028986911865,0.965110900676782,1.06542098784716,0.811995750915644,0.901811805961426,0.999522265894771,1.00664355863663,1.12129987129987,1.24955181068483,0.686164312998489,0.794235388310649,0.909614880796437,0.875661375661376,1.05498007968127,1.26577437858509,0.833190025795357,1.01359832635983,1.23754789272031,0.886426592797784,1.07905582615212,1.30495361951033,0.833526011560694,1.03591954022989,1.27836879432624,0.913513259202677,1.05631067961165,1.22973460068867,0.829581727107454,0.969021350559382,1.13546194683731,0.878246037407573,0.971300829253672,1.07404998357708,0.821868301848373,0.899344493201149,0.97941147414132,0.91635216024069,1.06756022459699,1.2408551722609,0.897344889153757,0.979263191710062,1.08399125432581
"37",0.930139720558882,1.17676767676768,1.51298701298701,0.819527803308824,1.1875,1.72763257575757,0.640725922499743,0.852216748768473,1.13071895424837,0.903962318959649,1.12935323383085,1.42072322670376,0.731501057082452,0.90694626474443,1.13071895424837,0.55364936392336,0.733642452344152,0.954439595571642,0.655884866810408,0.851592851592852,1.09929789368104,0.765053128689492,0.94847775175644,1.19250269535131,0.671473354231975,0.8568,1.08844231508821,0.883597883597884,1.12647554806071,1.43810548977395,1.11341721005767,1.31889923108053,1.55933014354067,0.797058823529412,1.084,1.48097574668762,1,1.38388625592417,1.94666666666667,0.740317753924987,0.875311243056886,1.03675724243768,0.851444697596447,0.951774274814655,1.0603998132789,0.914186507936508,1.04183154324477,1.1905684754522,0.908150024868155,1.0398386283409,1.19156313204276,0.881631211933975,0.971359105275954,1.07121838020068,0.802829817895978,0.89212403552191,0.990627993793062,0.991666666666667,1.10538116591928,1.23162027123483,0.687433292976549,0.796117616069282,0.912087912087912,0.888741721854305,1.07188498402556,1.28790786948177,0.837012877194208,1.01975051975052,1.24492385786802,0.899186577894474,1.09354960392305,1.32556012802926,0.855309218203034,1.06231884057971,1.31367903129283,0.923382876282186,1.06597390043499,1.2435861291232,0.827268906828501,0.968159462359337,1.13586129449551,0.881974094988604,0.975771391708149,1.07945944346419,0.817776548079013,0.893972129199525,0.973989289707527,0.928144763077696,1.08253044900927,1.25739684151053,0.899721715984831,0.982009190828122,1.08722711715065
"38",0.900390625,1.14108910891089,1.47284345047923,0.806949806949807,1.17415730337079,1.72727272727273,0.634443165912,0.846715328467153,1.1207729468599,0.885754773995012,1.10830126443101,1.39902845246357,0.750791974656811,0.933070866141732,1.16748768472906,0.55165840640488,0.733029381965552,0.958913187541418,0.639778702004639,0.832950191570881,1.07730426164519,0.758655606128667,0.941924299335452,1.19022627464503,0.685714285714286,0.871693779761125,1.10732196589769,0.882531463792436,1.12882940566553,1.4431330472103,1.13101330603889,1.33615477629988,1.58082975679542,0.774052478134111,1.04940711462451,1.42751554212677,0.996621621621622,1.3849765258216,1.95364238410596,0.741784037558685,0.878366729051202,1.04184312229503,0.849526975198159,0.951392368816665,1.06048727371885,0.901759530791789,1.03015075376884,1.17665816326531,0.906655858554927,1.04048277596178,1.19629950852848,0.883561643835616,0.974669443502688,1.07690270136174,0.802290771833919,0.891911445521632,0.990678238508518,0.97174770700808,1.08333333333333,1.20908768193113,0.681542336517122,0.791401996370236,0.907521161668409,0.902631578947368,1.0906200317965,1.31291866028708,0.842989084802687,1.02974358974359,1.26130653266332,0.906798693073764,1.11077731881337,1.3445607404192,0.886792452830189,1.10102489019034,1.37226277372263,0.916282034309187,1.06119510439165,1.23901120306652,0.825511748953253,0.968600137017584,1.13614523636783,0.882249864065724,0.977277801205566,1.0811597064208,0.811007191383084,0.888143416885835,0.968231283193506,0.944583700931978,1.10303580425536,1.28396624472574,0.898610363029193,0.98247473676772,1.08798873163314
"39",0.897683397683398,1.13970588235294,1.47619047619048,0.782442748091603,1.14525139664804,1.69421487603306,0.64247311827957,0.858682634730539,1.13629160063391,0.878209539110092,1.10005467468562,1.38950276243094,0.750521920668058,0.9374185136897,1.17680763864667,0.558406905547854,0.745019920318725,0.97715509108063,0.664343786295006,0.866666666666667,1.12266928361138,0.756448989077388,0.939665127020785,1.18493980124249,0.690831431811764,0.878811571540266,1.11621443138587,0.891877203290247,1.14177215189873,1.4627027027027,1.13106960950764,1.33936469642139,1.58468125594672,0.780882352941176,1.062,1.45081967213115,1.0135593220339,1.41706161137441,2.00671140939597,0.746832525766846,0.884689178818112,1.05201916495551,0.856339178815022,0.959387959387959,1.07181512893244,0.904622871046229,1.03565459610028,1.18636227027591,0.919728783902012,1.05759557344064,1.21672453703704,0.88939216450162,0.981568941455912,1.08363636363636,0.808320528360994,0.898515208303301,0.998570158262265,0.964589235127479,1.07582938388626,1.20022207115524,0.679964884900507,0.788485465445085,0.906033617586583,0.890849673202614,1.07747035573123,1.29809523809524,0.845378151260504,1.03604531410917,1.27341772151899,0.907491659084016,1.11309523809524,1.35018050541516,0.877817319098458,1.09792284866469,1.36783733826248,0.910805021462392,1.05373276271992,1.23146173795111,0.831058032007825,0.976866096866097,1.14860360697335,0.889867530825155,0.985397297632329,1.09165991053565,0.810826973749778,0.888086835632553,0.968795159895969,0.945005074971132,1.10265678655341,1.28523954868118,0.902938563657362,0.987508079205594,1.09492299044315
"40",0.881226053639847,1.1219512195122,1.45581173397629,0.759398496240602,1.12222222222222,1.64227642276423,0.661593554162936,0.891435464414958,1.18429487179487,0.831151832460733,1.0467032967033,1.32199861207495,0.765935214211076,0.959424083769634,1.20957095709571,0.572676720501873,0.766584766584767,1.00907195518658,0.702803305951427,0.915966386554622,1.19069493170076,0.764637815320528,0.951065054691998,1.1980021557482,0.691096305269534,0.881081081081081,1.12082514734774,0.888888888888889,1.13998323554065,1.46397915816042,1.14767098150184,1.36124595469256,1.6085086042065,0.734195402298851,1.00590551181102,1.38482384823848,1.06849315068493,1.48571428571429,2.10810810810811,0.754741500936533,0.895893580104106,1.06461701137258,0.860164616955156,0.963846864123872,1.07682175174658,0.898979093822844,1.03145695364238,1.17994287673003,0.930885636866202,1.07011349306431,1.22986398704098,0.892209089528423,0.986523433351936,1.08911459879208,0.809693109878362,0.901133591620032,1.00303465900016,0.956717256885891,1.06842435655995,1.19438596491228,0.679994494517382,0.790123456790123,0.907693154031709,0.898709677419355,1.08489096573209,1.30921052631579,0.861551292743953,1.05623721881391,1.29941198136971,0.901594944327415,1.10839807621162,1.34772829509672,0.86563614744352,1.08333333333333,1.35315985130112,0.896764887698331,1.03767286599905,1.21497218944017,0.840639028374032,0.99105718842561,1.1678768424508,0.893816241386567,0.990874919630051,1.09910727886503,0.809800503583188,0.888912511959179,0.969227715564308,0.942814109024963,1.10432752738373,1.2874188821436,0.906879523176541,0.992709456608374,1.09999672092308
"41",0.864915572232645,1.11084337349398,1.44514106583072,0.74993029739777,1.11049723756906,1.64754098360656,0.656569039145908,0.885954381752701,1.18273976725522,0.784766795036371,0.994037940379404,1.25788751714678,0.764091858037578,0.958115183246073,1.21192052980132,0.592274678111588,0.799613713182038,1.05951791713463,0.764161849710983,0.994732881866065,1.29990167158309,0.78250189138896,0.974459724950884,1.23078014184397,0.695985832349469,0.890483383685801,1.14025970347956,0.890590572198289,1.14285714285714,1.47705442902882,1.15232903325991,1.36880290205562,1.62332695984704,0.698720440321208,0.952471482889734,1.31151832460733,1.08108108108108,1.51658767772512,2.16216216216216,0.76029601029601,0.903632887189293,1.07752552305693,0.856339922083913,0.960821286402682,1.07577875702739,0.908143939393939,1.04295812941816,1.19576059850374,0.941004256041924,1.0805318615153,1.24157712544092,0.900373653110879,0.997065050038491,1.10207034816782,0.816921119592875,0.909361280271916,1.01277602523659,0.951727104925294,1.06354618722877,1.1888529907724,0.682405472164165,0.792213521561707,0.913989783793244,0.908571428571429,1.10161662817552,1.33116279069767,0.871815940838127,1.07280080889788,1.3229839337362,0.893922065244976,1.1005424954792,1.3482498892335,0.889263290579006,1.10960960960961,1.38649155722326,0.874560699886167,1.01159763313609,1.18887343532684,0.856674281517906,1.00890574598522,1.18969058503942,0.898777172873605,0.99710954340584,1.10789120093564,0.813862658767274,0.892398763685892,0.973599647492854,0.946015734783334,1.11122918880623,1.29735318444996,0.911128883179444,0.998969120063602,1.11008891201888
"42",0.869402985074627,1.12019230769231,1.46081504702194,0.770114942528736,1.13559322033898,1.70338983050847,0.664884135472371,0.903147699757869,1.20716865194883,0.770457406630298,0.980245595301655,1.24728260869565,0.754716981132076,0.95112285336856,1.20200333889816,0.580977178858026,0.784203102961918,1.0418651233604,0.799417157542629,1.0503003003003,1.37832512315271,0.80372366473765,1.00853054485416,1.27347592667408,0.696253602305476,0.894814814814815,1.15047619047619,0.883038109756098,1.13962873284907,1.47390396659708,1.17838018741633,1.40502793296089,1.6679298910469,0.709413369713506,0.969245949025821,1.33333333333333,1.1156462585034,1.57692307692308,2.26206896551724,0.76907722103319,0.917508096780339,1.09554763302247,0.861743717033819,0.966657385493526,1.08543067062686,0.919458561889023,1.05374592833876,1.21011862304625,0.934335006917994,1.07748611812216,1.24316572159863,0.902741725398989,1.00287766363387,1.10858207516688,0.816272301657598,0.910450925428514,1.01446768359805,0.930920143686101,1.04303405572755,1.16614745586708,0.677835223784074,0.786494755244755,0.906777525825145,0.921135646687697,1.11620795107034,1.34935304990758,0.883550488599348,1.08935742971888,1.34448574969021,0.890100303936706,1.09978617248753,1.35291538798772,0.902912621359223,1.13414634146341,1.41984732824427,0.867912414696477,1.00685741310002,1.18838961763885,0.870030485837323,1.02891874206879,1.21737702764826,0.903100240492232,1.00251654180905,1.11468343546445,0.807190627519803,0.886261847724195,0.967151625369402,0.952911237771372,1.12176667253211,1.31199835357069,0.914767886370541,1.00447866299903,1.11668642329504
"43",0.847549909255898,1.0962441314554,1.42813455657492,0.665365895635412,0.988950276243094,1.4672131147541,0.656888888888889,0.890361445783132,1.19386106623586,0.754050685500623,0.961334745762712,1.22554399647791,0.754973821989529,0.956233421750663,1.21176470588235,0.570152549945522,0.768450184501845,1.02145922746781,0.805278491321112,1.05843195266272,1.39609756097561,0.807418589605348,1.01518438177874,1.28792569659443,0.695480225988701,0.901171303074671,1.16241737488196,0.882932840418977,1.13730158730159,1.46974358974359,1.20362641951571,1.43685872138911,1.7093896713615,0.728218465539662,1.00719424460432,1.39303482587065,1.08637873754153,1.54245283018868,2.20945945945946,0.770393047678182,0.924621212121212,1.10980398982736,0.855950854457646,0.961887727022565,1.08245158034623,0.917840375586854,1.05561555075594,1.21353196772191,0.915238091093421,1.05397225725095,1.21554112773376,0.889623657591247,0.988253983536321,1.09646622303978,0.805076269067267,0.90068541054693,1.00421477061562,0.912290200324851,1.02121212121212,1.14470108695652,0.673576807637295,0.783957908300225,0.909107890229632,0.928481806775408,1.12676072665222,1.36405529953917,0.882978723404255,1.08551307847082,1.34203980099502,0.877200503821691,1.08512892970682,1.33623314484559,0.923048780487805,1.16666666666667,1.46235324546804,0.848480564073374,0.986146982859826,1.16569525395504,0.874750854028711,1.03538878474801,1.22532270028345,0.891395875070282,0.991873688320562,1.1044881983579,0.798487028128269,0.878066304013138,0.960161168569571,0.952278009584488,1.11915191869634,1.31311677631579,0.909542919685204,0.997422341643761,1.1109463039188
"44",0.838615373752589,1.08986175115207,1.42469879518072,0.702941694122948,1.04469273743017,1.55833333333333,0.668763163493245,0.911220715166461,1.22762581467211,0.744418413306555,0.950448075909331,1.21006711409396,0.770574301572819,0.97364953886693,1.23171807178631,0.567228278823918,0.772032374100719,1.03185096153846,0.822309417040359,1.08265682656827,1.4298594351733,0.805604390070357,1.01498929336188,1.29067392784207,0.692640697871855,0.897546897546898,1.16588566073102,0.880996387012012,1.13908313908314,1.47336683417085,1.1933465085639,1.42301649646504,1.69536733738886,0.714081537548617,0.987697715289982,1.37745098039216,1.07119741100324,1.52184712298651,2.17763157894737,0.78169235608682,0.939419722973598,1.13032898374448,0.841567874980101,0.947504949143286,1.06572686157603,0.910423476294506,1.04893617021277,1.20909273169759,0.901546504029623,1.03968852047224,1.19936250362214,0.875496372319387,0.973153556454183,1.08060213812733,0.80026860469296,0.895491520750034,0.998470397923125,0.907657614274968,1.014272970562,1.14043079908622,0.667261318065038,0.776806162814907,0.903067307760344,0.950501253132832,1.1544901065449,1.40857497333568,0.875508543531326,1.076,1.33664596273292,0.88104728969076,1.09330525252351,1.34793488414809,0.950124688279302,1.2,1.50891089108911,0.850403225806452,0.988980070339977,1.16745895221482,0.873239725346223,1.03800757985923,1.22921074565622,0.87738263675239,0.978073800379211,1.09126561704773,0.79284123892318,0.871931321853507,0.955126698165851,0.962198801863031,1.13180465604761,1.33237172882753,0.903193759724066,0.991413268374297,1.10441774027617
"45",0.856643356643357,1.10859728506787,1.45833333333333,0.71264367816092,1.06285714285714,1.58974358974359,0.692942254812099,0.945,1.27272727272727,0.743673469387755,0.950939457202505,1.21308970261873,0.755693581780538,0.953002610966057,1.21464226289517,0.568352365415987,0.771308428327826,1.03261756394057,0.84251968503937,1.10880829015544,1.46146341463415,0.811814345991561,1.02572306233618,1.30663248782018,0.675260559517279,0.874289772727273,1.13981481481481,0.894138755980861,1.15981380915438,1.5070564516129,1.19986893840105,1.4400314589068,1.71846221549538,0.749682337992376,1.04056437389771,1.45679012345679,1.07453416149068,1.52422907488987,2.19022212367975,0.782262613828125,0.937949300037836,1.12939139887407,0.846352416315386,0.951081238153481,1.07013191407874,0.903372835004558,1.04041994750656,1.19905020807425,0.899827288428325,1.04147926036982,1.20289468422263,0.882984975391211,0.98281294757949,1.09267515923567,0.808319143760642,0.904340726629473,1.0108023230123,0.918287028011252,1.03187134502924,1.16085526315789,0.677747566002982,0.789032982742775,0.918901885569171,0.980292619926199,1.19864559819413,1.46280991735537,0.875389358817714,1.07823470411234,1.34880803011292,0.886638537271449,1.1020979020979,1.3609818820712,0.967213114754098,1.22916666666667,1.54949494949495,0.856420388837155,0.996024321796071,1.17652746439525,0.8772585346954,1.04530368927457,1.23880787925301,0.882322050943233,0.984368582542098,1.0995057605532,0.803211590119734,0.884617285170727,0.967833929670958,0.973972446281044,1.15107034517904,1.35620091358475,0.910301096595439,1.00108713410976,1.11616292794306
"46",0.892491467576792,1.1570796460177,1.5203488372093,0.709923664122137,1.07514450867052,1.60344827586207,0.679744525547445,0.930087390761548,1.25420875420875,0.737427250319022,0.947803617571059,1.21216126900198,0.734964322120285,0.931524547803618,1.189818140905,0.561980830670927,0.763786365610074,1.02746828349547,0.85420102910737,1.12811127379209,1.48601735776278,0.805035372451103,1.01842590155304,1.297462255924,0.663283658240582,0.860400829302004,1.11962951016325,0.882668254913639,1.14440154440154,1.49098321044089,1.19771986970684,1.4397024275646,1.71983161833489,0.734312862883115,1.02090592334495,1.43276283618582,1.08562691131498,1.5301724137931,2.21875,0.757530220862906,0.909124976578602,1.09403097109097,0.836178085461924,0.943438152312976,1.0607181860786,0.871229176046826,1.00624024960998,1.16007194244604,0.888314092973496,1.02640099626401,1.18864428164587,0.884782234005006,0.985066108627414,1.09651264832608,0.807678226355352,0.904909213180901,1.01233824857057,0.936563069282059,1.05343731946852,1.18602590570798,0.689130336436815,0.801480148014801,0.935671149380251,1.01167675276753,1.23981900452489,1.51660516605166,0.870352864932511,1.07455268389662,1.34620174346202,0.872405203432051,1.08278941944349,1.34070608251808,0.935687263556116,1.19292604501608,1.50514747109946,0.85316354954238,0.99443413729128,1.17705996002655,0.863817013841961,1.03362510674637,1.22562251051764,0.878024675950476,0.979334526252233,1.09594526591281,0.81197944647913,0.894406614785992,0.982739662771045,0.968394410181821,1.14614718614719,1.3508370149571,0.907917313118385,0.998091773423202,1.11508887677484
"47",0.881666666666667,1.14750542299349,1.50712250712251,0.719230769230769,1.08720930232558,1.64035087719298,0.676950998185118,0.927860696517413,1.25167785234899,0.752590404703804,0.967128916281459,1.24208443271768,0.731854838709677,0.928388746803069,1.18821603927987,0.555447691212309,0.754748839172647,1.0136198154815,0.843473451327434,1.11721611721612,1.47200772200772,0.783608584733845,0.996880686249025,1.27621694368684,0.672148541114058,0.873190902825637,1.13530465949821,0.883284457478006,1.14350797266515,1.49260391594695,1.21171652009924,1.45996860282575,1.74649938144603,0.752451994272357,1.04647160068847,1.47224429347187,1.02727272727273,1.4549356223176,2.11875,0.737521403016448,0.885416666666667,1.07111916729719,0.82144552575362,0.926139024553422,1.04397272362215,0.843197879858657,0.974476773864216,1.12627030853298,0.868285901576588,1.00323785803238,1.16550925925926,0.883123964581235,0.984521152841745,1.09796570612572,0.802277632749216,0.89978025304105,1.0089605734767,0.929088261041272,1.04661739624787,1.17862659246604,0.690179985325306,0.8035538005923,0.937148320262579,1.03943314849045,1.27513227513228,1.56203703703704,0.8448,1.04554455445545,1.3134328358209,0.84986606723413,1.05681433885695,1.30862646566164,0.908629441624365,1.15670436187399,1.4672131147541,0.857791823029824,1.00103723814299,1.18661202185792,0.857279264140504,1.02359538959648,1.21511483712804,0.868058438583926,0.969629523262493,1.086311708488,0.807840111379211,0.8919723449203,0.982392499660451,0.953511947863867,1.13107713451297,1.33930705641139,0.899661851687188,0.990325905198017,1.10696333043518
"48",0.901477832512315,1.17057569296375,1.54647887323944,0.714285714285714,1.08187134502924,1.63716814159292,0.662748643761302,0.91055900621118,1.23400673400673,0.749695550433903,0.961401726764855,1.2300394869923,0.733248438188558,0.931472081218274,1.19349593495935,0.545994256535635,0.743897393462971,0.995570321151717,0.860298177802319,1.1430667644901,1.51115421920466,0.783697630535351,0.996135016748261,1.27296674349687,0.66735964450843,0.867601880540192,1.13115816554097,0.882613566039786,1.14988644965935,1.50399765967677,1.23353876094713,1.48787167449139,1.78043071161049,0.767726161369193,1.07534246575342,1.52058111380145,0.985178292555961,1.39748953974895,2.04907975460123,0.72253247567921,0.868513388734995,1.04908013221249,0.815467632849438,0.920806886796741,1.03993784750822,0.828300262695519,0.958059626073775,1.10812390414962,0.866809881847476,1.00223546944858,1.16451056881917,0.881583752794942,0.982634956587391,1.09571453782419,0.795272812793979,0.892805280528053,1.00133625066932,0.926609990512182,1.04342921601805,1.17610597958192,0.680617707076455,0.795313107740179,0.928271478833277,1.03090234857849,1.26363636363636,1.54874651810585,0.854864433811802,1.06560636182903,1.33832709113608,0.847303790710091,1.05623960066556,1.3083264633141,0.902535211267606,1.14845024469821,1.45755693581781,0.855214243787908,0.998515147235962,1.18359057676686,0.853373893891027,1.02158348920279,1.21352592093669,0.863010911171486,0.966018436056972,1.08216069790049,0.80242164331325,0.885731933292156,0.97709523559935,0.95427951827111,1.13128205128205,1.34239350912779,0.896693183506705,0.987452810460394,1.10455147199447
"49",0.943089430894309,1.2262156448203,1.62011173184358,0.702702702702703,1.06432748538012,1.61061946902655,0.681120144534779,0.941323345817728,1.27580372250423,0.747447658942574,0.958092908513129,1.23002577319588,0.734673366834171,0.933588761174968,1.1983606557377,0.54130484787823,0.73798950343157,0.991874557780327,0.875126040678359,1.16642120765832,1.54385964912281,0.792940505183548,1.0071283095723,1.29114379840136,0.662324127149557,0.860819604303017,1.12777284826974,0.877539175856065,1.14199395770393,1.49851337958375,1.26509433725746,1.52434748733931,1.82679738562091,0.756340744001761,1.05942275042445,1.48934921378082,0.939481268011527,1.33606557377049,1.96385542168675,0.719517878829788,0.864696163025519,1.04527877000108,0.808716418685262,0.9153983000593,1.03293680297398,0.815297696653629,0.942240080361627,1.09260337798486,0.850354762416685,0.983586172593882,1.14406381534983,0.873884531406696,0.975512501759159,1.08920109110716,0.790754827384435,0.888494411571335,0.997490404487747,0.929260450160772,1.04768544339096,1.18368922536978,0.669875603131539,0.783721818876576,0.915831982394713,1.0390243902439,1.27879942958713,1.5676533822625,0.850474683544304,1.06015779092702,1.33374689826303,0.829942514766662,1.03675992192583,1.28559903186769,0.893041237113402,1.13793103448276,1.44676409185804,0.861305361305361,1.00772727272727,1.19773904682996,0.857226985794606,1.02539575333768,1.22282411030532,0.855118518277685,0.958054524389379,1.07327067667018,0.796644542521212,0.879543265762857,0.970753698660591,0.947893611170336,1.1239767149007,1.33156033992321,0.892188447014004,0.983004224383535,1.10066446395017
