"","X2.5..2","X50..2","X97.5..2","X2.5..3","X50..3","X97.5..3","X2.5..4","X50..4","X97.5..4","X2.5..5","X50..5","X97.5..5","X2.5..6","X50..6","X97.5..6","X2.5..7","X50..7","X97.5..7","X2.5..8","X50..8","X97.5..8","X2.5..9","X50..9","X97.5..9"
"1",0.743469767406088,0.89872755795712,1.07148794679967,0.806326206043471,0.952808519523909,1.11893084845513,0.900854066097289,0.990204081632653,1.08255243195002,0.949538795442214,1.02459016393443,1.10689437065149,0.941275167785235,1.05056179775281,1.16681746350755,0.895051477914314,1.01163663663664,1.13713080168776,0.907806691449814,1.0172881091212,1.14060183467416,0.759760086081133,0.946738866887578,1.17175445600867
"2",0.736299599133909,0.897636477037718,1.07886250796629,0.79773203980688,0.945314088229315,1.11244019138756,0.897454813721874,0.987819732034105,1.08133333333333,0.943965517241379,1.01949383084759,1.10396975425331,0.92839801045676,1.03434268833087,1.15316131766552,0.887447291599092,1.0051432770022,1.13387001997885,0.893217893217893,1.00527811611855,1.12750455373406,0.786554360724145,0.979893410852713,1.21487589711754
"3",0.718112760757128,0.877649250536773,1.05866775310654,0.74689284514612,0.89082532051282,1.05404748928142,0.88909224011713,0.978646253021757,1.07526644234988,0.939817302525524,1.01508995937319,1.10069225928257,0.90407358738502,1.0082433018307,1.12557388571486,0.870280590977783,0.989106753812636,1.1177677472302,0.882345079870865,0.993576876756323,1.11990950226244,0.786302271978927,0.978127304005898,1.21588904279475
"4",0.680625928167164,0.833052276559865,1.00591535649493,0.703455538936116,0.838486622822272,0.992290112908408,0.853868194842407,0.94192018964836,1.03652173913043,0.929886757759955,1.00574382538771,1.08893034825871,0.880929332042594,0.983783783783784,1.09771912092519,0.840738423028786,0.955547652916074,1.0817230273752,0.863620386643234,0.972684085510689,1.0993288590604,0.739326791125411,0.925243592892819,1.15625271914188
"5",0.670055710306407,0.822182352409979,0.996690474890387,0.698088113050707,0.836537512035937,0.989629978788593,0.85286783042394,0.941222760964245,1.03681247293201,0.919277748274031,0.993685419058553,1.0758234928527,0.873148744365744,0.975188781014024,1.09047044632087,0.823681231621569,0.937699115044248,1.06301227355881,0.858391608391608,0.968823993685872,1.09305431878896,0.728968393721962,0.912862387630226,1.13834350303701
"6",0.657322175732218,0.804540798907477,0.977810977248182,0.688793822894704,0.825542072806843,0.975093984962406,0.853390131345403,0.942006269592476,1.03844492440605,0.922792173453199,0.998855180309101,1.08250620347395,0.861617130073506,0.962857142857143,1.07926341072858,0.801346854961018,0.913424465474939,1.03535955502582,0.845753899480069,0.956862745098039,1.07918044721382,0.72054042190551,0.899785549323656,1.12232798981631
"7",0.649310872894334,0.797946963216424,0.966837515718113,0.67999717889147,0.814027419034373,0.963546566321731,0.847433628318584,0.934791097227645,1.0327868852459,0.927330173775671,1.00399087799316,1.08972772277228,0.851428571428571,0.954108858057631,1.06852589641434,0.797798127775422,0.909913043478261,1.03317535545024,0.834368530020704,0.943057722308892,1.06472919418758,0.716854402837922,0.896358080766372,1.1196616463792
"8",0.654449441408158,0.802768757477354,0.973683396321998,0.683139657276546,0.818850666136409,0.967353579840192,0.847864454641723,0.9364522417154,1.03446420002961,0.916447714135575,0.994298745724059,1.0778739184178,0.842586750788644,0.94565412770438,1.05993115418061,0.791464891041162,0.903905979951607,1.02831301612269,0.829052745500114,0.939922480620155,1.0626643295355,0.711542736745942,0.893140495867769,1.11782869009338
"9",0.660920339218685,0.812719041753065,0.987336383885526,0.686858656074148,0.825624199952964,0.97877358490566,0.845360645734215,0.934943513829373,1.03225806451613,0.922634605331939,1.00284090909091,1.08883405305367,0.846340184372023,0.951692524682652,1.06554545949236,0.782145568535972,0.894194434902095,1.0187866927593,0.811359026369168,0.920245398773006,1.04032337194654,0.719431343805572,0.901037148763745,1.12832745638341
"10",0.680055594162613,0.835838742740007,1.01916267444282,0.714447917700689,0.85620980551522,1.01860136566988,0.865208275603012,0.956538610787738,1.05433121012697,0.915015641293014,0.994616118402035,1.08134753539023,0.854160174509193,0.962091962091962,1.07914448384726,0.781915411037884,0.893929058663029,1.01746894409938,0.807317891910037,0.915841584158416,1.03664910651886,0.740856832945782,0.927046779169915,1.15899989540368
"11",0.698298519850602,0.859526647369317,1.0453564173096,0.748647393429067,0.900294406280667,1.07423887587822,0.878126063474458,0.970746728252502,1.0704584040747,0.917952784419473,0.997179921037789,1.08466257668712,0.83466995681678,0.942528735632184,1.06160319742467,0.771909117733845,0.883187035786631,1.00577668352409,0.804318936877076,0.913584905660377,1.035500427716,0.76556749735373,0.961023996359764,1.20052031239631
"12",0.699744929418206,0.860659941870405,1.05072010018785,0.75225138493545,0.903505317053958,1.07726083299233,0.887652173913044,0.980030721966206,1.08227311280746,0.916914376292301,0.995490417136415,1.08476658476658,0.826857466041453,0.932592077831828,1.05173444491004,0.759014951627089,0.869375419744795,0.990824638293982,0.797472564017293,0.903712110474244,1.02655208669444,0.772779719127073,0.969125638070147,1.212758120956
"13",0.683182096382872,0.846167339063322,1.03231881304433,0.717409038994942,0.86385068762279,1.03047240864731,0.874397797660014,0.96689497716895,1.06900577875941,0.90560978397835,0.984304932735426,1.07269395235186,0.821466094934935,0.924404556437694,1.0408083948698,0.727035641842944,0.833277980737297,0.948582230623819,0.770750988142292,0.874112812850205,0.992376937949975,0.74118479771186,0.932472991036963,1.17141676992978
"14",0.687527610072154,0.84968152866242,1.0391778288637,0.713219714788601,0.862756832236186,1.03468899521531,0.859126312224856,0.951969981238274,1.05138831330294,0.89380081300813,0.972360420121614,1.06091676718938,0.814831011825254,0.919360326641715,1.03803303880138,0.71209034715167,0.817204301075269,0.933035714285714,0.749190938511327,0.852670349907919,0.970649895178197,0.701944383442599,0.885420978557828,1.11094087216526
"15",0.653691398091602,0.812305025996534,0.998306695649628,0.717120367333552,0.869383697813121,1.0444232147122,0.867090726481419,0.960682492581602,1.0641029635311,0.886991461577097,0.965554948059049,1.05558876270173,0.830065359477124,0.93758389261745,1.0587343690792,0.717161040567869,0.824533161622666,0.941544117647059,0.744328566094792,0.847691748455107,0.966031483015741,0.688267937521791,0.869072842659769,1.09992318078155
"16",0.602443952989151,0.75843050740624,0.943360170229725,0.715749456057387,0.867924528301887,1.04472632266958,0.8721928665786,0.970599044468945,1.07883986928105,0.907000167073145,0.989690721649485,1.08120924718435,0.83533288014458,0.947088186356073,1.0695227358136,0.728323699421965,0.839467005076142,0.962882096069869,0.755121336274819,0.862801584443644,0.983983572895277,0.690010461676927,0.876118625753789,1.11251812227039
"17",0.596223226259752,0.751660231660232,0.936871388096102,0.717933659434255,0.870142362447095,1.0484590743302,0.875574523965857,0.974958906635877,1.08414634146341,0.910344827586207,0.995153473344103,1.08705882352941,0.830046403712297,0.943620178041543,1.06433618445519,0.746942103832563,0.86198243412798,0.989557075981275,0.753368849890316,0.859492313192706,0.981635177890402,0.694936331602873,0.884440182210501,1.12424953977166
"18",0.606781136900849,0.764246323529412,0.95630589096675,0.72255426234665,0.875547932151706,1.05658381336704,0.884353741496599,0.985203897509924,1.09595640692033,0.911553557800002,0.996811902231668,1.09196740395809,0.821847297683729,0.936461388074291,1.05895357406043,0.747461250668092,0.864605873261206,0.994312122289371,0.754705337858686,0.863091037402964,0.986688180718031,0.700117713592741,0.889446435682995,1.12878648377886
"19",0.609106321143134,0.766651425087639,0.958474071197307,0.7245199362703,0.877887163953048,1.06061905795768,0.894685990338164,0.997128499641062,1.1112,0.90606936416185,0.991565629942014,1.08414985590778,0.83337479994433,0.948236816564219,1.07206540277853,0.748118421722025,0.865538461538462,0.995408667305488,0.767736040659428,0.876842105263158,1.00361445783133,0.697514674659673,0.886648674392761,1.1270391033081
"20",0.602841900316049,0.759411050394657,0.948629349010588,0.716782608104646,0.870112781954887,1.05324232081911,0.892359533042663,0.995546085402521,1.10785091197462,0.918017159199237,1.00417101147028,1.09931506849315,0.840230769230769,0.95638229634381,1.08279850383064,0.74540193430951,0.863353113121846,0.993363008935724,0.76594446139762,0.875479595395884,1.00239616613419,0.701238231150635,0.892255226053182,1.13798728693013
"21",0.598793028564678,0.753939393939394,0.942067398712609,0.714874983345494,0.867758547609993,1.05006257244914,0.891677255400254,0.995743171337354,1.10773480662983,0.914933837429111,1.00258933195236,1.09750566893424,0.841692350798543,0.958519463943842,1.08761766835626,0.754884436173436,0.874244256348247,1.00696378830084,0.766482729878949,0.876259993048314,1.00199724151119,0.697130421755522,0.889170462688881,1.13644012285497
"22",0.594909100372983,0.751275893125188,0.938320209973753,0.727155283472244,0.880446927374302,1.06510475332282,0.897727272727273,1.00105596620908,1.11660777385159,0.926314806532356,1.01491002570694,1.11023622047244,0.839225139333975,0.955583756345178,1.08384310903203,0.753623188405797,0.872770887275795,1.00936750180882,0.775762691871612,0.888198757763975,1.01659771908898,0.706864503773541,0.90132617619198,1.15474469255991
"23",0.605659925568924,0.766020423264762,0.95780903034789,0.73666638014561,0.893972804116134,1.08424336973479,0.915343915343915,1.02189020152884,1.1421359223301,0.920296570898981,1.00965937976614,1.10702341137124,0.837337752002209,0.95526149968494,1.08518253400143,0.760614948343388,0.882912332838039,1.01817185154361,0.774656306037059,0.887367339952071,1.01607212857703,0.741046078020226,0.948387860215607,1.21532244759162
"24",0.609157654815069,0.769028103044497,0.967231222385862,0.736704157474546,0.898014440433213,1.09268614100593,0.922650231124807,1.03063683304647,1.15331278890601,0.927131072410632,1.01811776547559,1.11584551083723,0.84153775784572,0.9609375,1.0927602446606,0.760177333734609,0.881490173071282,1.01864406779661,0.775051729234407,0.888662964005307,1.01864801864802,0.753911024199462,0.965223175595924,1.24202154434713
"25",0.609036422314431,0.7704308563218,0.968657052384126,0.736536451679262,0.898144844809133,1.09719490862973,0.927038104683436,1.03475298126065,1.15695238095238,0.930075218015718,1.02434177844014,1.12309368191721,0.843954248366013,0.961824953445065,1.09350741002117,0.757649348922125,0.88340353249182,1.02080536912752,0.77010821877742,0.88266845457593,1.01581790123457,0.762715614501598,0.978475723201031,1.25995975855131
"26",0.619474458136961,0.785327903534197,0.986617657651668,0.728192088926266,0.889636257964054,1.08693771626298,0.936988791275371,1.04776422764228,1.17470565894417,0.938675022381379,1.03453379378392,1.13596966413868,0.855095971884293,0.975331483194573,1.11138439915671,0.757938446507084,0.886824807087739,1.02884615384615,0.768364178033791,0.882915567282322,1.017880401691,0.767647092263885,0.9844664741238,1.2738332567004
"27",0.639040045566071,0.810245370534711,1.01856999981671,0.715159338682437,0.882047680322243,1.07691897679692,0.929919137466307,1.04089842440496,1.17038419538711,0.94985637260785,1.04592085979482,1.15231431646932,0.858742251750131,0.981951667176507,1.12277019937041,0.762188717485247,0.893965031020869,1.04002624671916,0.770096475906347,0.887438825448613,1.02371095220173,0.761141651774025,0.978213166144201,1.27562921756857
"28",0.647098772949706,0.82102766798419,1.03715835392887,0.706106530087506,0.874028268551237,1.07032167107043,0.919712402636309,1.03175939730731,1.15980355119003,0.948535936113576,1.04598825831703,1.15193965517241,0.862650602409639,0.987737584304108,1.1321251977616,0.771153846153846,0.905191873589165,1.0514585381842,0.771124790151091,0.893934479403179,1.03570086433672,0.754463132310804,0.972757738551169,1.26585265750051
"29",0.623755003585928,0.792400589258457,0.998642884839085,0.679179472621302,0.839826086956522,1.03207468562097,0.911782119597395,1.02155887230514,1.15012276457852,0.951326710650533,1.04881585306912,1.15610015982952,0.861228813559322,0.986949924127466,1.12996117394118,0.749995566327737,0.881322957198444,1.02687823834197,0.760209713024283,0.880472994566954,1.01810790835181,0.739724027339037,0.952952246530228,1.24379535658585
"30",0.604989786060067,0.769653488017097,0.972064252856722,0.655148293228875,0.81048805815161,0.998933447098976,0.88898756660746,0.997343075390236,1.12429801572445,0.936094795453632,1.03333333333333,1.14203340400701,0.870659952292605,0.997873633049818,1.14539748953975,0.753764700257088,0.886546463245492,1.03497409326425,0.763381828163601,0.885386819484241,1.02619926199262,0.731848467573636,0.946547535073282,1.2341162597702
"31",0.597559506677487,0.763843528903971,0.96340295075685,0.643480861755452,0.798136645962733,0.982389833304709,0.878171091445428,0.987068965517241,1.11414670658683,0.930100480559196,1.02800579430227,1.13546666666667,0.868219105583488,0.99605343047966,1.14440181374259,0.747002116153304,0.877624309392265,1.0231966466831,0.751493519796149,0.873475873051091,1.01322556943424,0.730774016242211,0.943171583321165,1.23384491916315
"32",0.594975253782391,0.761200784432041,0.962614282684853,0.638339900701281,0.792053663570691,0.975227527683897,0.872941176470588,0.981806152828316,1.10788641554469,0.92460866867072,1.02117420596728,1.12992545260916,0.872985027926213,1.00302755071147,1.15395332636712,0.748939765553303,0.879581151832461,1.02669668703763,0.757297297297297,0.880578252671276,1.02225465158701,0.727241898293303,0.938423067906541,1.22703586390109
"33",0.594531158314752,0.760546464494821,0.964217738865626,0.634163208852005,0.787124463519313,0.971609301812296,0.8715019755057,0.980482963943103,1.10679611650485,0.920800696257615,1.01877708233028,1.12733084709643,0.873935875162657,1.00529743486551,1.15674988804299,0.741338951310861,0.871371594424959,1.01931123270035,0.762515062500408,0.886940181647354,1.02944383860414,0.721572094673887,0.931535756154748,1.21910744531402
"34",0.592869496128488,0.759794049451296,0.960398428532149,0.607517066851485,0.755593509820666,0.932546374367622,0.863509955511368,0.97191939213743,1.09777143816193,0.901952277657267,0.999519230769231,1.10761854022376,0.872306816440224,1.00392275196138,1.15924355084934,0.732715767313796,0.863250205535763,1.00961538461538,0.762530152774055,0.888507183010618,1.0323025459713,0.711315125102268,0.9172979304959,1.2016368286445
"35",0.584408106863197,0.749354009252366,0.947893855372174,0.582914782586506,0.722085006515727,0.89298504318517,0.846266471449488,0.955056179775281,1.08159694977324,0.90447242726878,1.00240615976901,1.11152614727855,0.874863385862915,1.00692979813197,1.16324399582318,0.720528823759475,0.850273224043716,0.996812899357742,0.756919555885236,0.882535736482287,1.02713406416259,0.694511873496014,0.892084650016249,1.17072721676552
"36",0.584673280875812,0.751484064131473,0.954215522054718,0.573373676248109,0.710281971250206,0.87842393594606,0.84179801517805,0.950560316413975,1.07893752338197,0.904287570376787,1.00384615384615,1.11538461538462,0.864908480680342,0.99819765695404,1.15463129797249,0.714351638209506,0.844286883010635,0.992315646040398,0.758638128729632,0.882116336633663,1.0277762887397,0.698796682324553,0.901267799303987,1.18860882523912
"37",0.589863732047596,0.756674405107371,0.965941998865058,0.574476761889386,0.710147382686769,0.883647153397978,0.8322206095791,0.940925500492288,1.06937709809772,0.894499631185352,0.993756003842459,1.10287846481876,0.844925296239052,0.978228452132419,1.13259668508287,0.712694373373924,0.845801937567277,0.996204409765176,0.763530452193016,0.888854868340478,1.03938417472252,0.699198138128591,0.903491399086893,1.19304400656814
"38",0.591896903522904,0.764381973627011,0.97432582194311,0.573968433455816,0.707591535102452,0.885833084602194,0.827854671280277,0.939156035328754,1.06728624535316,0.877523963398314,0.976019184652278,1.08419132598292,0.819621870209504,0.95249406175772,1.10278446201444,0.695994599459946,0.828778135048232,0.976942514213519,0.764485872772143,0.894592117323556,1.0487106017192,0.693037408269196,0.901233631755046,1.19728816983026
"39",0.604955108535061,0.784466882160832,0.999061561561562,0.571079482231944,0.710984121333859,0.888860886528795,0.827481115229949,0.93990855649902,1.07030626781317,0.872788220641594,0.971305595408895,1.07974481658692,0.810419313850063,0.94404973357016,1.09550923974827,0.686057014951406,0.819004524886878,0.966394472361809,0.757542224508719,0.885540334855403,1.03929974991068,0.698887319040534,0.908489611703369,1.20934327739797
"40",0.648779357337344,0.843514128522139,1.07582907918481,0.574079352481145,0.713750317268636,0.89738219895288,0.83248730964467,0.949501447410743,1.08211143695015,0.884174798472635,0.984411903637223,1.09741969457609,0.81181644424975,0.945985401459854,1.10055282708416,0.668777791319347,0.799633795448601,0.946439628482972,0.755780295918238,0.885972850678733,1.04333925399645,0.699550582733517,0.916075742227071,1.22115836862088
"41",0.689953098000494,0.902194964493221,1.15615305067218,0.599700955181877,0.749455337690632,0.945669479616635,0.875674141356798,0.999352121801101,1.14302652315288,0.97232865048957,1.08503562945368,1.20910534674431,0.869838323965382,1.01405975395431,1.18602261048304,0.683814956924667,0.819254984260231,0.971996360810825,0.78269321255933,0.918151615826034,1.08378862892583,0.707985033190162,0.934390377255331,1.24735425537754
"42",0.703656145396409,0.917658568400457,1.17495394150914,0.613695460121904,0.768621503201887,0.969605494294784,0.912015945330296,1.04111818124573,1.19247952345495,1.06060606060606,1.18277010947168,1.3183023872679,0.90808915602304,1.06271981242673,1.24050632911392,0.686652078774617,0.822974036191975,0.98001249219238,0.778264228689158,0.912715191784959,1.08045299275793,0.708655480247926,0.938072496672669,1.25374727426567
"43",0.702494686613023,0.918094305759504,1.17719665271967,0.623854815179442,0.782557354925776,0.989347299625801,0.934640522875817,1.06629926614492,1.2204194885081,1.09278503883732,1.22169587873046,1.36168640955312,0.906669985067198,1.06024447031432,1.2408038147139,0.686143474033,0.825520833333333,0.980521039412555,0.77843237704918,0.913435527502254,1.08073507387914,0.707381109746887,0.937397420867526,1.2523852936821
"44",0.705036061823277,0.923239895697523,1.18789875174743,0.632737835646084,0.792958221024259,1.00299385692293,0.958203013932329,1.09309114498865,1.2541868254559,1.17308506136267,1.31187884524373,1.46513564866626,0.943162074956565,1.10336817653891,1.29295678802314,0.687123169681309,0.827326938034742,0.982753310748383,0.783030922565806,0.918465227817746,1.08576440591484,0.707078728636898,0.939105322298076,1.2510725497989
"45",0.704930014001646,0.921080557836598,1.18526142356754,0.633995486479034,0.792929292929293,1.00255427841635,0.967129498441485,1.10560414642047,1.27066269545793,1.2246192893401,1.36814744801512,1.52931854199683,0.966115541641493,1.13042220936958,1.32779660526914,0.6890285543865,0.828978007761966,0.986164770037034,0.783047582613779,0.919664268585132,1.08911155030739,0.707130963694029,0.935541699142634,1.24799527492834
"46",0.704033066132265,0.920871559633027,1.18737424809277,0.656531358531224,0.822647238125417,1.04227156276687,1.05353361726128,1.20531521557596,1.38458674609084,1.40632763479812,1.57332071901608,1.75981164973489,1.0421805624075,1.22251157407407,1.43560992184845,0.694497966174267,0.837593596695068,0.997539975399754,0.770404271548436,0.906371522584505,1.07180756986204,0.692182614290488,0.917380470331724,1.23322839253185
"47",0.69220823178143,0.906891981444665,1.17168605875327,0.674833343179628,0.853674983142279,1.08229410926854,1.17095952448344,1.34405458089669,1.54712041884817,1.70459475357904,1.90810042633823,2.1368700265252,1.227844976549,1.44132135612866,1.69183673469388,0.717191696817106,0.865459249676585,1.03496287128713,0.785696040868455,0.925669575684622,1.09739564752051,0.655883731833099,0.873487863888239,1.17699021979178
"48",0.70361427472292,0.924493580240879,1.20279461473594,0.691961924907456,0.881738544474393,1.11671769983462,1.23054292642419,1.41463414634146,1.62616822429907,1.83629441624365,2.05832147937411,2.31276390471344,1.3213228035538,1.55053576600058,1.81985044187627,0.734359294803251,0.887939958592132,1.06093168787542,0.790038314176245,0.934723481414325,1.1117900790798,0.631907452385098,0.843700916294861,1.13804729887929
"49",0.742162839713986,0.981335616438356,1.27526299254411,0.735292666901135,0.936425978097926,1.19023025607919,1.27208883446238,1.46400523560209,1.6876809534316,1.9019655557411,2.13770180436847,2.40619989310529,1.36197980792908,1.60086830680174,1.8800295772675,0.740566037735849,0.897026375338502,1.0766916849986,0.78733802753399,0.931776834445118,1.11139240506329,0.647831055807921,0.865686932512812,1.17661549138521
"50",0.780688389866124,1.03232552844361,1.34943821035297,0.772418622686436,0.985567010309278,1.25186191689413,1.30103507763082,1.4943857331572,1.72446646341463,1.96398305084746,2.21241050119332,2.49330950266096,1.41740850642928,1.66919044845661,1.97045351593475,0.759147867917663,0.922416037490237,1.10823513116372,0.787494978959449,0.936874051593323,1.11928934010152,0.670577291799526,0.906861384816381,1.2329905418114
"51",0.830896605363123,1.10290426676228,1.44583693400888,0.815111231687466,1.04160166406656,1.32621194860907,1.32278623540971,1.52338009352037,1.76034119069723,2.01147471313217,2.27438731379145,2.56531165311653,1.45124660577635,1.71349460798601,2.02376957357174,0.764613597911965,0.931871574001566,1.12548176093801,0.786739270520677,0.939577039274924,1.1268115942029,0.697809593190944,0.942959143197144,1.29860837021186
"52",0.853110597502128,1.13836363636364,1.48509218375798,0.835854015909772,1.07567849686848,1.37860300391731,1.34849810440362,1.55585464333782,1.80343213728549,2.06005110732538,2.32996146435453,2.6345674832149,1.4743498890806,1.74394867308253,2.06782684786621,0.767754318618042,0.938967136150235,1.13243158225857,0.772704465629704,0.925898112005113,1.11233501478695,0.718154056825912,0.971235597934048,1.33951051959907
"53",0.840804004728476,1.12902635431918,1.48257630377313,0.820779257156627,1.05296866885927,1.35570178290859,1.29740751529275,1.49764626765299,1.73712948517941,1.98766482347937,2.2509633911368,2.54382144801306,1.43233267716535,1.69461426491994,2.0079510919855,0.75633113428389,0.9247983346344,1.1172587236718,0.742643391521197,0.891616766467066,1.0716084922634,0.712298568781832,0.96955428908215,1.33476892471405
"54",0.840691238018091,1.13012704174229,1.48403241182078,0.815995605853509,1.04820106730935,1.35132436650481,1.27382444606883,1.47269681742044,1.70652173913043,1.90302813036715,2.15587529976019,2.44028230184582,1.39906051735407,1.65488264271226,1.96389270976616,0.749783982034555,0.916537065837221,1.10846394984326,0.745674410525065,0.896940896940897,1.07973793452314,0.718092171464319,0.975944470376728,1.34671016505223
"55",0.847523950883821,1.13972055888224,1.50229015775109,0.815351583467525,1.04596316061284,1.34723585103752,1.26129779837775,1.45911528150134,1.69614335800545,1.87552921253175,2.12980769230769,2.41157339213433,1.40293398533007,1.66656985187337,1.97863775261386,0.750158662999788,0.920680269962651,1.1137022145364,0.74468216884209,0.89708506841166,1.08061626657112,0.723925826760576,0.985211830535572,1.36399226466207
"56",0.840313412034094,1.13371032469902,1.49434960327002,0.808124300261381,1.03667904457316,1.33826513879414,1.23781902552204,1.43510423671822,1.66981289563867,1.81330279430408,2.0567853705486,2.33172849112701,1.3643013899049,1.62456445993031,1.9313249221189,0.742820945945946,0.91139896373057,1.10456126294739,0.734904270986745,0.88737403675163,1.07081545064378,0.719422771888342,0.982645987711235,1.36075413725558
"57",0.837814013498067,1.13099563953488,1.49139305330767,0.804150019943054,1.03268536039911,1.33608577996761,1.2356265577695,1.43126050420168,1.66588419405321,1.77222692633362,2.0125,2.27871529667937,1.34695044628352,1.60463768115942,1.90830748017925,0.752403296691015,0.920479458517048,1.1173429105435,0.734515270960956,0.886959081542538,1.07071783937456,0.722895097094014,0.988700112197468,1.37002046132375
"58",0.831421826962425,1.12404510731175,1.48130393096836,0.781871579228407,1.00687639676809,1.30592314928862,1.15377068718193,1.33861720067454,1.56077036343886,1.61239983129481,1.83533365338454,2.07884719956498,1.28426395939086,1.53554913294798,1.83333333333333,0.756441226751875,0.929436003090394,1.1295863061903,0.754125644150578,0.909463814825667,1.0983819777164,0.721760400330183,0.98813627254509,1.37578508910383
"59",0.826442374616564,1.11457194899818,1.47986028864173,0.757323240938166,0.977793079703908,1.27383535609976,1.04864440488166,1.21793570219966,1.41916403785489,1.32590412111018,1.51041924832984,1.71079761258817,1.12800091592668,1.35023041474654,1.6076955438381,0.746928952081791,0.91914022517912,1.11588316419117,0.751781631360451,0.909117221418234,1.10018476848176,0.731245804781919,1.00309150199837,1.39984425306762
"60",0.797271157399137,1.08207128848547,1.43863900999112,0.743809898796081,0.960329726944874,1.2529828986175,1.00435443392143,1.16807575245181,1.36252465483235,1.21174004192872,1.37947494033413,1.56385281385281,1.06955066921606,1.27966828710323,1.5320095857583,0.745360795988798,0.919969512195122,1.11622315473753,0.75844058034521,0.918431597023469,1.11386870224111,0.723720743194181,0.990584110999392,1.39170793682756
"61",0.797532468055569,1.08225894316325,1.44170295113691,0.741865147350448,0.958055127546653,1.25668088928812,1.00492040520984,1.17139001349528,1.36694259318412,1.16493560448691,1.33017077798861,1.51240560949299,1.07212106881059,1.28441926345609,1.53538774128005,0.783093023472198,0.966357017323625,1.17851484129492,0.809939534409285,0.984189723320158,1.1979381443299,0.723211084139049,0.989463677414244,1.39305980673732
"62",0.80371539159344,1.09532439289598,1.46167752129537,0.748225426195603,0.973776380215169,1.27603132029268,1.01095732410611,1.17967698519515,1.37814465408805,1.14209225700165,1.3061705134244,1.48688321261319,1.04764107308048,1.26148705096074,1.5135315736719,0.794540045804637,0.982647496281606,1.20194968393819,0.836837318932197,1.01724617524339,1.2358905035485,0.755083942600331,1.03737574552684,1.46721816269002
"63",0.814062908094762,1.10639456692546,1.48107675787307,0.741331010485045,0.970002570968218,1.26731391017142,1.0091874820557,1.17834394904459,1.37791805119847,1.10303776683087,1.25972808251289,1.43766720171215,1.02196796338673,1.23098125689085,1.48127265134183,0.789542717331516,0.979130861772649,1.20012037315679,0.82252938429057,1.00551267916207,1.22541528751238,0.789593469187214,1.07944333996024,1.54058302646723
"64",0.812447418388977,1.10712343665035,1.49671951347162,0.738112137486982,0.967730920266348,1.2754347193666,0.989977090492554,1.15252545292875,1.35462382445141,1.04409633853541,1.19272048530098,1.36465563267485,0.98959422690408,1.194596069869,1.43980263157895,0.774041297935103,0.961876832844575,1.18520303973754,0.823744685853154,1.00824402308326,1.22587058361221,0.785816250785131,1.09014575411914,1.55629882563106
"65",0.818470915595601,1.11669529973241,1.5113960376499,0.750540921022194,0.985241118929123,1.29975096219153,1.00313569388338,1.16955363091272,1.37418174859435,1.02565146579805,1.17408535856812,1.34275053304904,0.988277727682597,1.19146625382606,1.4392646093237,0.771204965328711,0.959143968871595,1.18687932591032,0.827468929200833,1.01315068493151,1.23637579404881,0.797920033676383,1.10766300424448,1.58413145585298
"66",0.811598835337835,1.109482446616,1.50270528838527,0.748466218001032,0.983222051018661,1.29755987347492,0.981009070294785,1.14907038512616,1.35248143806174,1.0279587803742,1.17734447539461,1.34752056614018,0.977946090443306,1.18296954998653,1.43184468607439,0.767777016021311,0.955609167671894,1.18238805970149,0.824215660748359,1.00846069868996,1.23208763328047,0.793913613779345,1.10771793448084,1.58712119259576
"67",0.806290295458286,1.1031357621896,1.5023543737105,0.743317953229683,0.977819484729568,1.29280397022333,0.971398657475225,1.13830845771144,1.34168629982299,1.02419242560337,1.17391304347826,1.3457051961824,0.964122210395802,1.16510569975917,1.40951764325024,0.769037979564295,0.957053742802303,1.18403965852199,0.825923468259235,1.0121984277582,1.2401298616038,0.794560778862288,1.10737776368967,1.58886182216595
"68",0.811373048233479,1.11012095125467,1.5090514859733,0.746218031644815,0.985831341754865,1.30420790704123,0.970887507066139,1.13854822671528,1.34337113805241,1.01648877172933,1.16620498614958,1.33721545791424,0.958098357814685,1.158357771261,1.40118352249568,0.775964676521405,0.967680153220014,1.19622074997052,0.822585809443682,1.00783995674507,1.23525513585156,0.797827113411863,1.11255651622115,1.59951191737055
"69",0.811574995844129,1.11240346216099,1.51925440543642,0.748965059141643,0.990273037542662,1.31023543985064,0.967054006273724,1.1359126984127,1.34442270058708,1.00478995601759,1.15441176470588,1.32559366754617,0.950948332243296,1.15259613585395,1.39362135827164,0.763294247944071,0.955529131985731,1.18525948082944,0.820891018901542,1.00510615425961,1.23475132959303,0.80457736430569,1.11823265951499,1.60833316746177
"70",0.815605641228417,1.12509090909091,1.53283089671284,0.765930327558286,1.01225114854518,1.34715436736792,0.977335335532955,1.14891518737673,1.36045153756325,1.00038875598086,1.14828375286041,1.31913774973712,0.93877729268661,1.13787680209699,1.37854381526497,0.754940879627708,0.945952324758084,1.17537518849965,0.810899340405588,0.995443580809435,1.22332015810277,0.823316681003745,1.15008552630371,1.65174618438235
"71",0.828788673308862,1.14456414443818,1.5640868658105,0.77502609145343,1.03175675675676,1.37322460872697,0.958032240133407,1.12794502617801,1.33501161890008,0.996826844180627,1.14799635701275,1.32198902287975,0.92747839903225,1.12666145426114,1.36458333333333,0.740882684858555,0.929191090269637,1.15438392076901,0.795475519551792,0.979417268110131,1.20486682012496,0.843909052233971,1.17817052782422,1.69733741092502
"72",0.827251084073669,1.14569238641003,1.56906350383,0.770784287143823,1.02427552171671,1.35521264882706,0.922668392811586,1.09040650406504,1.29259830377795,0.970207761662093,1.11687725631769,1.28638253638254,0.910724604875117,1.10838709677419,1.34470882905448,0.726659555955046,0.908667287977633,1.13109869068028,0.773037792758781,0.950013294336613,1.17264807021685,0.844255831572104,1.18302685906617,1.70728556184408
"73",0.793523951903969,1.09907316646268,1.50419645663653,0.73211356421027,0.973913043478261,1.29250606294826,0.886937431394072,1.04866969500324,1.24835843955195,0.956359992239144,1.10337078651685,1.27070393374741,0.875854348995542,1.06898313745529,1.30018645121193,0.685055350553506,0.858993649434709,1.06879677605066,0.714957465565074,0.879196404969601,1.08621815806662,0.812116937822337,1.13799864144091,1.6413943951383
"74",0.752981205758417,1.04394426580922,1.43166869614088,0.689515858525433,0.923732983434476,1.23185275653713,0.868060724474852,1.02834270050706,1.22697745510126,0.98422130911188,1.1393588601959,1.31432973805855,0.906031276022118,1.10696266397578,1.34935464105334,0.667754805948495,0.843141744904969,1.05260901159582,0.665813063085752,0.823775857554334,1.02144516383551,0.75241458518004,1.05808,1.53309377535644
"75",0.699596603839348,0.979119143709423,1.34591616921743,0.663335401256879,0.888692443254929,1.19987630278991,0.865918803418803,1.02741248024039,1.22617246596067,1.03578603006856,1.19982355535951,1.38704742478327,0.938006660087996,1.1439620758483,1.40299877600979,0.672933755592959,0.853081646577212,1.06501987507098,0.66414587785784,0.822765072765073,1.0203193838379,0.697257075416587,0.983484625877889,1.43607471007901
"76",0.678318677206109,0.95098383696416,1.31711193697703,0.644326241134752,0.866475917978064,1.16775030246701,0.859399362073535,1.02224328147382,1.22311460518077,1.04154664560689,1.20974111452391,1.40233977619532,0.932310719934395,1.14083808579221,1.40189977389067,0.674539552217377,0.856337392873252,1.0762547941632,0.65312159901583,0.807781499613502,1.00578285288387,0.669775391924192,0.939969421421099,1.3796198923173
"77",0.663373765161936,0.932337434094903,1.30280760756156,0.631063968309348,0.847307753039634,1.14659958306607,0.845263157894737,1.00974536309337,1.20843875923813,1.0331477697027,1.19921282795488,1.39117199391172,0.925145494681919,1.1374290648902,1.40038580218417,0.673649729068013,0.857815653734021,1.07594936708861,0.647937552865832,0.807250446770488,1.00380952380952,0.650533304453874,0.91682769726248,1.34139086876587
"78",0.665374235054769,0.937467064816441,1.30394948168836,0.628838295388208,0.847321644509558,1.14693966768446,0.85541608697161,1.02318295739348,1.22276301010857,1.02126865671642,1.18844984802432,1.38094578235925,0.920791439737247,1.13240332843857,1.39451476793249,0.675406397482957,0.859048465984882,1.08084672126978,0.646848701485191,0.80414979757085,1.00379820046924,0.649632677470123,0.916874346812445,1.34397831722838
"79",0.665173175824692,0.935337294652219,1.30955005629757,0.631888365396402,0.852119309262166,1.15612969313011,0.86322109109893,1.03311465167135,1.23581125057625,1.02565056453319,1.19445647466436,1.39012096774194,0.929859322369725,1.14631167562286,1.41484334684465,0.674860529986053,0.858695652173913,1.08069627700888,0.644808743169399,0.803024587422851,1.00569770071211,0.649428948983964,0.916411906677393,1.34312387477391
"80",0.666947403698262,0.939626592217763,1.31598240469208,0.633501739533571,0.854818523153942,1.16257794773279,0.866424116424116,1.03572538055297,1.24128562841131,1.03364140480592,1.20465316673847,1.40010015022534,0.933603744721173,1.15252182347236,1.42604260426043,0.674203886881494,0.859881031064111,1.08568209997655,0.646804587327275,0.805847076461769,1.00972151437611,0.647060840700908,0.917139524202524,1.34281969702389
"81",0.664770674744855,0.941402833654014,1.31879441313404,0.636503871304907,0.857902141628889,1.16844272620209,0.87448132780083,1.04590570719603,1.25494283027877,1.036458442994,1.20729613733906,1.40371013464833,0.93306784300467,1.15266531358982,1.42626383487885,0.679991211442357,0.867766776677668,1.09404365006673,0.643499101258239,0.802290836653386,1.00782771453839,0.646993378893727,0.91423746679905,1.34994495748833
"82",0.653832004904966,0.927304347826087,1.30050367222559,0.631444341465952,0.85214552238806,1.16122881355932,0.859720618030662,1.02970297029703,1.23625557206538,1.0354273192111,1.21050384286934,1.41046531280878,0.938370245954414,1.16257225433526,1.43833014562081,0.674144791707201,0.862560280578694,1.09003525159094,0.642303872889772,0.802381850829767,1.0122144954889,0.631733059770824,0.896373685456707,1.32277356372474
"83",0.634816575387149,0.903498926829897,1.26490725935401,0.610932488264301,0.825705039297272,1.12967072476805,0.860107418556052,1.03107692307692,1.23882845910488,1.05162680678101,1.23011484474692,1.43310208126858,0.938500096394833,1.16320191158901,1.4432577344438,0.680616468846467,0.871649596862061,1.10558319513543,0.645589692765114,0.803800592300099,1.01340263672422,0.606085538330348,0.859522085445329,1.27376460033876
"84",0.629830472718009,0.899948515531148,1.27067205321938,0.609440770562682,0.82705493133909,1.13704723575514,0.867788447529328,1.04183328206706,1.25911951278857,1.08648255813953,1.27234042553191,1.48536371191628,0.933960453062008,1.15971394517282,1.44149216228677,0.687768595557234,0.882939518751355,1.11804994027893,0.650613375957933,0.815005528983065,1.02626645247144,0.605955913370428,0.857627804997318,1.27708360182818
"85",0.643671647150471,0.92285520515429,1.30340038314176,0.639107883723798,0.865912767644726,1.19313122747509,0.889115993868166,1.06715731370745,1.28890082746696,1.09653916211293,1.28412969283276,1.50199600798403,0.940323771531493,1.16946130801196,1.45775274236585,0.689020470215318,0.884358144552319,1.12086409625376,0.664315028258807,0.834927642874663,1.05550387596899,0.630097062756316,0.900828460038986,1.34080847435821
